entry_id,date,doc,debit,credit,amount,cost_item,description
1,2025-01-14,РН-25-0001,62,90.01,1429425.94,,Реализация металлоконструкций
2,2025-01-14,РН-25-0002,90.03,68.02,238237.66,,НДС с реализации
3,2025-01-04,РН-25-0003,62,90.01,1963553.21,,Реализация металлоконструкций
4,2025-01-04,РН-25-0004,90.03,68.02,327258.87,,НДС с реализации
5,2025-01-04,РН-25-0005,62,90.01,1704363.65,,Реализация металлоконструкций
6,2025-01-04,РН-25-0006,90.03,68.02,284060.61,,НДС с реализации
7,2025-01-14,РН-25-0007,62,90.01,1415160.14,,Реализация металлоконструкций
8,2025-01-14,РН-25-0008,90.03,68.02,235860.02,,НДС с реализации
9,2025-01-20,РН-25-0009,62,90.01,2346635.44,,Реализация металлоконструкций
10,2025-01-20,РН-25-0010,90.03,68.02,391105.91,,НДС с реализации
11,2025-01-01,РН-25-0011,62,90.01,1963393.99,,Реализация металлоконструкций
12,2025-01-01,РН-25-0012,90.03,68.02,327232.33,,НДС с реализации
13,2025-01-13,РН-25-0013,62,90.01,2785092.14,,Реализация металлоконструкций
14,2025-01-13,РН-25-0014,90.03,68.02,464182.02,,НДС с реализации
15,2025-01-14,РН-25-0015,62,90.01,2942418.62,,Реализация металлоконструкций
16,2025-01-14,РН-25-0016,90.03,68.02,490403.10,,НДС с реализации
17,2025-01-17,РН-25-0017,62,90.01,1215117.54,,Реализация металлоконструкций
18,2025-01-17,РН-25-0018,90.03,68.02,202519.59,,НДС с реализации
19,2025-01-22,РН-25-0019,62,90.01,2921491.36,,Реализация металлоконструкций
20,2025-01-22,РН-25-0020,90.03,68.02,486915.23,,НДС с реализации
21,2025-01-17,РН-25-0021,62,90.01,3006386.51,,Реализация металлоконструкций
22,2025-01-17,РН-25-0022,90.03,68.02,501064.42,,НДС с реализации
23,2025-01-28,РН-25-0023,62,90.01,2383650.77,,Реализация металлоконструкций
24,2025-01-28,РН-25-0024,90.03,68.02,397275.13,,НДС с реализации
25,2025-01-28,РН-25-0025,62,90.01,1553826.26,,Реализация металлоконструкций
26,2025-01-28,РН-25-0026,90.03,68.02,258971.04,,НДС с реализации
27,2025-01-27,РН-25-0027,62,90.01,1636110.60,,Реализация металлоконструкций
28,2025-01-27,РН-25-0028,90.03,68.02,272685.10,,НДС с реализации
29,2025-01-07,РН-25-0029,62,90.01,3008283.80,,Реализация металлоконструкций
30,2025-01-07,РН-25-0030,90.03,68.02,501380.63,,НДС с реализации
31,2025-01-01,РН-25-0031,62,90.01,1812646.14,,Реализация металлоконструкций
32,2025-01-01,РН-25-0032,90.03,68.02,302107.69,,НДС с реализации
33,2025-01-31,РН-25-0033,62,90.01,1986948.59,,Реализация металлоконструкций
34,2025-01-31,РН-25-0034,90.03,68.02,331158.10,,НДС с реализации
35,2025-01-17,РН-25-0035,62,90.01,2332306.22,,Реализация металлоконструкций
36,2025-01-17,РН-25-0036,90.03,68.02,388717.70,,НДС с реализации
37,2025-01-31,РН-25-0037,62,90.01,3054251.80,,Реализация металлоконструкций
38,2025-01-31,РН-25-0038,90.03,68.02,509041.97,,НДС с реализации
39,2025-01-12,РН-25-0039,62,90.01,2806785.79,,Реализация металлоконструкций
40,2025-01-12,РН-25-0040,90.03,68.02,467797.63,,НДС с реализации
41,2025-01-21,РН-25-0041,62,90.01,1974714.56,,Реализация металлоконструкций
42,2025-01-21,РН-25-0042,90.03,68.02,329119.09,,НДС с реализации
43,2025-01-18,РН-25-0043,62,90.01,1433205.58,,Реализация металлоконструкций
44,2025-01-18,РН-25-0044,90.03,68.02,238867.60,,НДС с реализации
45,2025-01-19,РН-25-0045,62,90.01,1901961.55,,Реализация металлоконструкций
46,2025-01-19,РН-25-0046,90.03,68.02,316993.59,,НДС с реализации
47,2025-01-12,РН-25-0047,62,90.01,2193935.90,,Реализация металлоконструкций
48,2025-01-12,РН-25-0048,90.03,68.02,365655.98,,НДС с реализации
49,2025-01-03,РН-25-0049,62,90.01,2753379.49,,Реализация металлоконструкций
50,2025-01-03,РН-25-0050,90.03,68.02,458896.58,,НДС с реализации
51,2025-01-10,РН-25-0051,62,90.01,2695383.02,,Реализация металлоконструкций
52,2025-01-10,РН-25-0052,90.03,68.02,449230.50,,НДС с реализации
53,2025-01-24,РН-25-0053,62,90.01,2550442.10,,Реализация металлоконструкций
54,2025-01-24,РН-25-0054,90.03,68.02,425073.68,,НДС с реализации
55,2025-01-22,РН-25-0055,62,90.01,2773235.53,,Реализация металлоконструкций
56,2025-01-22,РН-25-0056,90.03,68.02,462205.92,,НДС с реализации
57,2025-01-28,РН-25-0057,62,90.01,1966634.15,,Реализация металлоконструкций
58,2025-01-28,РН-25-0058,90.03,68.02,327772.36,,НДС с реализации
59,2025-01-06,РН-25-0059,62,90.01,1720762.92,,Реализация металлоконструкций
60,2025-01-06,РН-25-0060,90.03,68.02,286793.82,,НДС с реализации
61,2025-01-11,РН-25-0061,62,90.01,2018636.32,,Реализация металлоконструкций
62,2025-01-11,РН-25-0062,90.03,68.02,336439.39,,НДС с реализации
63,2025-01-18,РН-25-0063,62,90.01,2701968.23,,Реализация металлоконструкций
64,2025-01-18,РН-25-0064,90.03,68.02,450328.04,,НДС с реализации
65,2025-01-25,РН-25-0065,62,90.01,2543379.02,,Реализация металлоконструкций
66,2025-01-25,РН-25-0066,90.03,68.02,423896.50,,НДС с реализации
67,2025-01-01,РН-25-0067,62,90.01,2859222.31,,Реализация металлоконструкций
68,2025-01-01,РН-25-0068,90.03,68.02,476537.05,,НДС с реализации
69,2025-01-01,РН-25-0069,62,90.01,2132985.55,,Реализация металлоконструкций
70,2025-01-01,РН-25-0070,90.03,68.02,355497.59,,НДС с реализации
71,2025-01-13,РН-25-0071,62,90.01,2372073.10,,Реализация металлоконструкций
72,2025-01-13,РН-25-0072,90.03,68.02,395345.52,,НДС с реализации
73,2025-01-26,РН-25-0073,62,90.01,1904096.87,,Реализация металлоконструкций
74,2025-01-26,РН-25-0074,90.03,68.02,317349.48,,НДС с реализации
75,2025-01-11,РН-25-0075,62,90.01,2114607.02,,Реализация металлоконструкций
76,2025-01-11,РН-25-0076,90.03,68.02,352434.50,,НДС с реализации
77,2025-01-17,РН-25-0077,62,90.01,2303497.68,,Реализация металлоконструкций
78,2025-01-17,РН-25-0078,90.03,68.02,383916.28,,НДС с реализации
79,2025-01-22,РН-25-0079,62,90.01,2629718.45,,Реализация металлоконструкций
80,2025-01-22,РН-25-0080,90.03,68.02,438286.41,,НДС с реализации
81,2025-01-12,ТН-25-0001,20,10,3365633.09,Материалы,Списание металлопроката в производство
82,2025-01-07,ТН-25-0002,20,10,2933762.79,Материалы,Списание металлопроката в производство
83,2025-01-08,ТН-25-0003,20,10,2372936.54,Материалы,Списание металлопроката в производство
84,2025-01-11,ТН-25-0004,20,10,1359748.14,Материалы,Списание металлопроката в производство
85,2025-01-13,ТН-25-0005,20,10,2638280.72,Материалы,Списание металлопроката в производство
86,2025-01-22,ТН-25-0006,20,10,3044492.07,Материалы,Списание металлопроката в производство
87,2025-01-18,ТН-25-0007,20,10,2087013.85,Материалы,Списание металлопроката в производство
88,2025-01-18,ТН-25-0008,20,10,3373163.96,Материалы,Списание металлопроката в производство
89,2025-01-08,ТН-25-0009,20,10,1251095.96,Материалы,Списание металлопроката в производство
90,2025-01-16,ТН-25-0010,20,10,2973123.36,Материалы,Списание металлопроката в производство
91,2025-01-13,ТН-25-0011,20,10,3268222.83,Материалы,Списание металлопроката в производство
92,2025-01-23,ТН-25-0012,20,10,2860912.35,Материалы,Списание металлопроката в производство
93,2025-01-04,ТН-25-0013,20,10,1858024.55,Материалы,Списание металлопроката в производство
94,2025-01-05,ТН-25-0014,20,10,3440531.60,Материалы,Списание металлопроката в производство
95,2025-01-31,ЗП-25-0001,20,70,12996861.46,ФОТ,Начисление зарплаты: производственный персонал
96,2025-01-31,ЗП-25-0002,20,69,3899058.44,Страховые взносы,Страховые взносы: производственный персонал
97,2025-01-27,ПУ-25-0001,20,60,1065302.29,Энергия,Электроэнергия и газ
98,2025-01-28,ПУ-25-0002,20,60,1220953.89,Энергия,Электроэнергия и газ
99,2025-01-19,ПУ-25-0003,20,60,407702.25,Ремонты,Ремонт станочного оборудования
100,2025-01-26,ПУ-25-0004,20,60,907304.70,Ремонты,Ремонт станочного оборудования
101,2025-01-05,ПУ-25-0005,20,60,861424.03,Ремонты,Ремонт станочного оборудования
102,2025-01-12,ПУ-25-0006,20,60,1431300.12,Прочие производственные,"Инструмент, расходники, услуги"
103,2025-01-31,АМ-25-0001,20,02,3400000.00,Амортизация,Амортизация производственного оборудования
104,2025-01-31,ЗП-25-0003,26,70,5200000.00,ФОТ,Начисление зарплаты: АУП
105,2025-01-31,ЗП-25-0004,26,69,1560000.00,Страховые взносы,Страховые взносы: АУП
106,2025-01-19,ПУ-25-0007,26,60,850000.00,Аренда,Аренда офиса
107,2025-01-26,ПУ-25-0008,26,60,674313.03,Прочие управленческие,"Связь, ПО, консультации"
108,2025-01-31,АМ-25-0002,26,02,250000.00,Амортизация,Амортизация офисного имущества
109,2025-01-16,ПУ-25-0009,44,60,302678.13,Доставка,Доставка продукции заказчикам
110,2025-01-13,ПУ-25-0010,44,60,437727.81,Доставка,Доставка продукции заказчикам
111,2025-01-15,ПУ-25-0011,44,60,183044.33,Доставка,Доставка продукции заказчикам
112,2025-01-20,ПУ-25-0012,44,60,399743.09,Доставка,Доставка продукции заказчикам
113,2025-01-16,ПУ-25-0013,44,60,323873.85,Доставка,Доставка продукции заказчикам
114,2025-01-01,ПУ-25-0014,44,60,411776.07,Доставка,Доставка продукции заказчикам
115,2025-01-13,ПУ-25-0015,44,60,344635.72,Доставка,Доставка продукции заказчикам
116,2025-01-02,ПУ-25-0016,44,60,351955.50,Доставка,Доставка продукции заказчикам
117,2025-01-29,ПУ-25-0017,44,60,344518.82,Маркетинг,Выставки и реклама
118,2025-01-24,ВБ-25-0001,51,91.01,147236.18,Проценты к получению,Проценты на остаток по счёту
119,2025-01-31,ОП-25-0001,91.02,66,1700000.00,Проценты к уплате,Проценты по кредитной линии
120,2025-01-18,ОП-25-0002,91.02,76,180036.19,Прочие расходы,Банковские комиссии и прочее
121,2025-01-31,ЗМ-25-0001,90.02,20,63016848.99,,Закрытие счёта 20
122,2025-01-31,ЗМ-25-0002,90.08,26,8534313.03,,Закрытие счёта 26
123,2025-01-31,ЗМ-25-0003,90.07,44,3099953.32,,Закрытие счёта 44
124,2025-01-31,ЗМ-25-0004,90.09,99,191957.89,,Финансовый результат от продаж
125,2025-01-31,ЗМ-25-0005,99,91.09,1732800.01,,Сальдо прочих доходов и расходов
126,2025-01-31,ЗМ-25-0006,68.04,99,385210.53,Налог на прибыль,Налог на прибыль за месяц
127,2025-02-27,РН-25-0081,62,90.01,3941147.40,,Реализация металлоконструкций
128,2025-02-27,РН-25-0082,90.03,68.02,656857.90,,НДС с реализации
129,2025-02-03,РН-25-0083,62,90.01,3098030.71,,Реализация металлоконструкций
130,2025-02-03,РН-25-0084,90.03,68.02,516338.45,,НДС с реализации
131,2025-02-15,РН-25-0085,62,90.01,2945560.06,,Реализация металлоконструкций
132,2025-02-15,РН-25-0086,90.03,68.02,490926.68,,НДС с реализации
133,2025-02-22,РН-25-0087,62,90.01,2605631.17,,Реализация металлоконструкций
134,2025-02-22,РН-25-0088,90.03,68.02,434271.86,,НДС с реализации
135,2025-02-18,РН-25-0089,62,90.01,3180404.23,,Реализация металлоконструкций
136,2025-02-18,РН-25-0090,90.03,68.02,530067.37,,НДС с реализации
137,2025-02-28,РН-25-0091,62,90.01,1928443.18,,Реализация металлоконструкций
138,2025-02-28,РН-25-0092,90.03,68.02,321407.20,,НДС с реализации
139,2025-02-03,РН-25-0093,62,90.01,2822731.40,,Реализация металлоконструкций
140,2025-02-03,РН-25-0094,90.03,68.02,470455.23,,НДС с реализации
141,2025-02-27,РН-25-0095,62,90.01,3049130.45,,Реализация металлоконструкций
142,2025-02-27,РН-25-0096,90.03,68.02,508188.41,,НДС с реализации
143,2025-02-25,РН-25-0097,62,90.01,3335918.36,,Реализация металлоконструкций
144,2025-02-25,РН-25-0098,90.03,68.02,555986.39,,НДС с реализации
145,2025-02-08,РН-25-0099,62,90.01,2025470.41,,Реализация металлоконструкций
146,2025-02-08,РН-25-0100,90.03,68.02,337578.40,,НДС с реализации
147,2025-02-23,РН-25-0101,62,90.01,2947239.90,,Реализация металлоконструкций
148,2025-02-23,РН-25-0102,90.03,68.02,491206.65,,НДС с реализации
149,2025-02-21,РН-25-0103,62,90.01,2828523.13,,Реализация металлоконструкций
150,2025-02-21,РН-25-0104,90.03,68.02,471420.52,,НДС с реализации
151,2025-02-25,РН-25-0105,62,90.01,2134239.88,,Реализация металлоконструкций
152,2025-02-25,РН-25-0106,90.03,68.02,355706.65,,НДС с реализации
153,2025-02-07,РН-25-0107,62,90.01,3865882.55,,Реализация металлоконструкций
154,2025-02-07,РН-25-0108,90.03,68.02,644313.76,,НДС с реализации
155,2025-02-04,РН-25-0109,62,90.01,3262205.69,,Реализация металлоконструкций
156,2025-02-04,РН-25-0110,90.03,68.02,543700.95,,НДС с реализации
157,2025-02-12,РН-25-0111,62,90.01,1874609.48,,Реализация металлоконструкций
158,2025-02-12,РН-25-0112,90.03,68.02,312434.91,,НДС с реализации
159,2025-02-05,РН-25-0113,62,90.01,1634882.16,,Реализация металлоконструкций
160,2025-02-05,РН-25-0114,90.03,68.02,272480.36,,НДС с реализации
161,2025-02-09,РН-25-0115,62,90.01,1747391.08,,Реализация металлоконструкций
162,2025-02-09,РН-25-0116,90.03,68.02,291231.85,,НДС с реализации
163,2025-02-15,РН-25-0117,62,90.01,2428414.49,,Реализация металлоконструкций
164,2025-02-15,РН-25-0118,90.03,68.02,404735.75,,НДС с реализации
165,2025-02-10,РН-25-0119,62,90.01,3062751.34,,Реализация металлоконструкций
166,2025-02-10,РН-25-0120,90.03,68.02,510458.56,,НДС с реализации
167,2025-02-27,РН-25-0121,62,90.01,3136690.62,,Реализация металлоконструкций
168,2025-02-27,РН-25-0122,90.03,68.02,522781.77,,НДС с реализации
169,2025-02-18,РН-25-0123,62,90.01,3126378.62,,Реализация металлоконструкций
170,2025-02-18,РН-25-0124,90.03,68.02,521063.10,,НДС с реализации
171,2025-02-13,РН-25-0125,62,90.01,2329204.64,,Реализация металлоконструкций
172,2025-02-13,РН-25-0126,90.03,68.02,388200.77,,НДС с реализации
173,2025-02-04,РН-25-0127,62,90.01,3984688.82,,Реализация металлоконструкций
174,2025-02-04,РН-25-0128,90.03,68.02,664114.80,,НДС с реализации
175,2025-02-11,РН-25-0129,62,90.01,1481736.65,,Реализация металлоконструкций
176,2025-02-11,РН-25-0130,90.03,68.02,246956.11,,НДС с реализации
177,2025-02-04,РН-25-0131,62,90.01,3677276.76,,Реализация металлоконструкций
178,2025-02-04,РН-25-0132,90.03,68.02,612879.46,,НДС с реализации
179,2025-02-17,РН-25-0133,62,90.01,1786878.58,,Реализация металлоконструкций
180,2025-02-17,РН-25-0134,90.03,68.02,297813.10,,НДС с реализации
181,2025-02-27,РН-25-0135,62,90.01,3428995.24,,Реализация металлоконструкций
182,2025-02-27,РН-25-0136,90.03,68.02,571499.21,,НДС с реализации
183,2025-02-07,РН-25-0137,62,90.01,2810269.49,,Реализация металлоконструкций
184,2025-02-07,РН-25-0138,90.03,68.02,468378.25,,НДС с реализации
185,2025-02-26,РН-25-0139,62,90.01,2556483.36,,Реализация металлоконструкций
186,2025-02-26,РН-25-0140,90.03,68.02,426080.56,,НДС с реализации
187,2025-02-18,РН-25-0141,62,90.01,2492026.18,,Реализация металлоконструкций
188,2025-02-18,РН-25-0142,90.03,68.02,415337.70,,НДС с реализации
189,2025-02-05,РН-25-0143,62,90.01,2112036.40,,Реализация металлоконструкций
190,2025-02-05,РН-25-0144,90.03,68.02,352006.07,,НДС с реализации
191,2025-02-07,РН-25-0145,62,90.01,1465282.54,,Реализация металлоконструкций
192,2025-02-07,РН-25-0146,90.03,68.02,244213.76,,НДС с реализации
193,2025-02-10,РН-25-0147,62,90.01,4058118.24,,Реализация металлоконструкций
194,2025-02-10,РН-25-0148,90.03,68.02,676353.04,,НДС с реализации
195,2025-02-19,РН-25-0149,62,90.01,2014142.11,,Реализация металлоконструкций
196,2025-02-19,РН-25-0150,90.03,68.02,335690.35,,НДС с реализации
197,2025-02-24,ТН-25-0015,20,10,4101237.96,Материалы,Списание металлопроката в производство
198,2025-02-02,ТН-25-0016,20,10,2901749.56,Материалы,Списание металлопроката в производство
199,2025-02-13,ТН-25-0017,20,10,3353519.21,Материалы,Списание металлопроката в производство
200,2025-02-05,ТН-25-0018,20,10,2186962.34,Материалы,Списание металлопроката в производство
201,2025-02-12,ТН-25-0019,20,10,4480653.76,Материалы,Списание металлопроката в производство
202,2025-02-14,ТН-25-0020,20,10,3785415.41,Материалы,Списание металлопроката в производство
203,2025-02-25,ТН-25-0021,20,10,3035182.03,Материалы,Списание металлопроката в производство
204,2025-02-10,ТН-25-0022,20,10,1896750.99,Материалы,Списание металлопроката в производство
205,2025-02-07,ТН-25-0023,20,10,3558043.03,Материалы,Списание металлопроката в производство
206,2025-02-19,ТН-25-0024,20,10,2358086.86,Материалы,Списание металлопроката в производство
207,2025-02-26,ТН-25-0025,20,10,3162843.43,Материалы,Списание металлопроката в производство
208,2025-02-19,ТН-25-0026,20,10,2886972.06,Материалы,Списание металлопроката в производство
209,2025-02-05,ТН-25-0027,20,10,1810231.03,Материалы,Списание металлопроката в производство
210,2025-02-28,ЗП-25-0005,20,70,13086313.58,ФОТ,Начисление зарплаты: производственный персонал
211,2025-02-28,ЗП-25-0006,20,69,3925894.07,Страховые взносы,Страховые взносы: производственный персонал
212,2025-02-19,ПУ-25-0018,20,60,1124202.47,Энергия,Электроэнергия и газ
213,2025-02-27,ПУ-25-0019,20,60,1508757.13,Энергия,Электроэнергия и газ
214,2025-02-25,ПУ-25-0020,20,60,600468.92,Ремонты,Ремонт станочного оборудования
215,2025-02-11,ПУ-25-0021,20,60,792873.61,Ремонты,Ремонт станочного оборудования
216,2025-02-17,ПУ-25-0022,20,60,428498.37,Ремонты,Ремонт станочного оборудования
217,2025-02-11,ПУ-25-0023,20,60,273257.72,Ремонты,Ремонт станочного оборудования
218,2025-02-20,ПУ-25-0024,20,60,1295140.11,Прочие производственные,"Инструмент, расходники, услуги"
219,2025-02-28,АМ-25-0003,20,02,3400000.00,Амортизация,Амортизация производственного оборудования
220,2025-02-28,ЗП-25-0007,26,70,5200000.00,ФОТ,Начисление зарплаты: АУП
221,2025-02-28,ЗП-25-0008,26,69,1560000.00,Страховые взносы,Страховые взносы: АУП
222,2025-02-24,ПУ-25-0025,26,60,850000.00,Аренда,Аренда офиса
223,2025-02-02,ПУ-25-0026,26,60,650189.41,Прочие управленческие,"Связь, ПО, консультации"
224,2025-02-28,АМ-25-0004,26,02,250000.00,Амортизация,Амортизация офисного имущества
225,2025-02-26,ПУ-25-0027,44,60,589126.80,Доставка,Доставка продукции заказчикам
226,2025-02-10,ПУ-25-0028,44,60,1071875.56,Доставка,Доставка продукции заказчикам
227,2025-02-08,ПУ-25-0029,44,60,801310.89,Доставка,Доставка продукции заказчикам
228,2025-02-17,ПУ-25-0030,44,60,485461.74,Доставка,Доставка продукции заказчикам
229,2025-02-01,ПУ-25-0031,44,60,366541.55,Маркетинг,Выставки и реклама
230,2025-02-05,ВБ-25-0002,51,91.01,157959.56,Проценты к получению,Проценты на остаток по счёту
231,2025-02-28,ОП-25-0003,91.02,66,1700000.00,Проценты к уплате,Проценты по кредитной линии
232,2025-02-19,ОП-25-0004,91.02,76,213407.49,Прочие расходы,Банковские комиссии и прочее
233,2025-02-28,ЗМ-25-0007,90.02,20,65953053.65,,Закрытие счёта 20
234,2025-02-28,ЗМ-25-0008,90.08,26,8510189.41,,Закрытие счёта 26
235,2025-02-28,ЗМ-25-0009,90.07,44,3314316.54,,Закрытие счёта 44
236,2025-02-28,ЗМ-25-0010,90.09,99,1538119.82,,Финансовый результат от продаж
237,2025-02-28,ЗМ-25-0011,99,91.09,1755447.93,,Сальдо прочих доходов и расходов
238,2025-02-28,ЗМ-25-0012,68.04,99,54332.03,Налог на прибыль,Налог на прибыль за месяц
239,2025-03-02,РН-25-0151,62,90.01,3723195.00,,Реализация металлоконструкций
240,2025-03-02,РН-25-0152,90.03,68.02,620532.50,,НДС с реализации
241,2025-03-21,РН-25-0153,62,90.01,3161027.52,,Реализация металлоконструкций
242,2025-03-21,РН-25-0154,90.03,68.02,526837.92,,НДС с реализации
243,2025-03-11,РН-25-0155,62,90.01,3734655.88,,Реализация металлоконструкций
244,2025-03-11,РН-25-0156,90.03,68.02,622442.65,,НДС с реализации
245,2025-03-26,РН-25-0157,62,90.01,1701472.46,,Реализация металлоконструкций
246,2025-03-26,РН-25-0158,90.03,68.02,283578.74,,НДС с реализации
247,2025-03-25,РН-25-0159,62,90.01,2508238.26,,Реализация металлоконструкций
248,2025-03-25,РН-25-0160,90.03,68.02,418039.71,,НДС с реализации
249,2025-03-19,РН-25-0161,62,90.01,4201163.41,,Реализация металлоконструкций
250,2025-03-19,РН-25-0162,90.03,68.02,700193.90,,НДС с реализации
251,2025-03-14,РН-25-0163,62,90.01,3508502.54,,Реализация металлоконструкций
252,2025-03-14,РН-25-0164,90.03,68.02,584750.42,,НДС с реализации
253,2025-03-27,РН-25-0165,62,90.01,2709259.85,,Реализация металлоконструкций
254,2025-03-27,РН-25-0166,90.03,68.02,451543.31,,НДС с реализации
255,2025-03-04,РН-25-0167,62,90.01,4013321.14,,Реализация металлоконструкций
256,2025-03-04,РН-25-0168,90.03,68.02,668886.86,,НДС с реализации
257,2025-03-14,РН-25-0169,62,90.01,3055892.57,,Реализация металлоконструкций
258,2025-03-14,РН-25-0170,90.03,68.02,509315.43,,НДС с реализации
259,2025-03-16,РН-25-0171,62,90.01,2022162.13,,Реализация металлоконструкций
260,2025-03-16,РН-25-0172,90.03,68.02,337027.02,,НДС с реализации
261,2025-03-15,РН-25-0173,62,90.01,2167060.70,,Реализация металлоконструкций
262,2025-03-15,РН-25-0174,90.03,68.02,361176.78,,НДС с реализации
263,2025-03-28,РН-25-0175,62,90.01,2687319.64,,Реализация металлоконструкций
264,2025-03-28,РН-25-0176,90.03,68.02,447886.61,,НДС с реализации
265,2025-03-22,РН-25-0177,62,90.01,1537794.13,,Реализация металлоконструкций
266,2025-03-22,РН-25-0178,90.03,68.02,256299.02,,НДС с реализации
267,2025-03-28,РН-25-0179,62,90.01,2494256.35,,Реализация металлоконструкций
268,2025-03-28,РН-25-0180,90.03,68.02,415709.39,,НДС с реализации
269,2025-03-23,РН-25-0181,62,90.01,3061380.43,,Реализация металлоконструкций
270,2025-03-23,РН-25-0182,90.03,68.02,510230.07,,НДС с реализации
271,2025-03-14,РН-25-0183,62,90.01,2533717.51,,Реализация металлоконструкций
272,2025-03-14,РН-25-0184,90.03,68.02,422286.25,,НДС с реализации
273,2025-03-03,РН-25-0185,62,90.01,4119123.98,,Реализация металлоконструкций
274,2025-03-03,РН-25-0186,90.03,68.02,686520.66,,НДС с реализации
275,2025-03-08,РН-25-0187,62,90.01,2365454.47,,Реализация металлоконструкций
276,2025-03-08,РН-25-0188,90.03,68.02,394242.41,,НДС с реализации
277,2025-03-07,РН-25-0189,62,90.01,2819664.65,,Реализация металлоконструкций
278,2025-03-07,РН-25-0190,90.03,68.02,469944.11,,НДС с реализации
279,2025-03-14,РН-25-0191,62,90.01,2629005.80,,Реализация металлоконструкций
280,2025-03-14,РН-25-0192,90.03,68.02,438167.63,,НДС с реализации
281,2025-03-11,РН-25-0193,62,90.01,3387906.18,,Реализация металлоконструкций
282,2025-03-11,РН-25-0194,90.03,68.02,564651.03,,НДС с реализации
283,2025-03-02,РН-25-0195,62,90.01,3601925.99,,Реализация металлоконструкций
284,2025-03-02,РН-25-0196,90.03,68.02,600321.00,,НДС с реализации
285,2025-03-07,РН-25-0197,62,90.01,3880747.84,,Реализация металлоконструкций
286,2025-03-07,РН-25-0198,90.03,68.02,646791.31,,НДС с реализации
287,2025-03-20,РН-25-0199,62,90.01,2920389.91,,Реализация металлоконструкций
288,2025-03-20,РН-25-0200,90.03,68.02,486731.65,,НДС с реализации
289,2025-03-01,РН-25-0201,62,90.01,2343213.56,,Реализация металлоконструкций
290,2025-03-01,РН-25-0202,90.03,68.02,390535.59,,НДС с реализации
291,2025-03-04,РН-25-0203,62,90.01,2337633.71,,Реализация металлоконструкций
292,2025-03-04,РН-25-0204,90.03,68.02,389605.62,,НДС с реализации
293,2025-03-02,РН-25-0205,62,90.01,1428206.94,,Реализация металлоконструкций
294,2025-03-02,РН-25-0206,90.03,68.02,238034.49,,НДС с реализации
295,2025-03-05,РН-25-0207,62,90.01,1417982.80,,Реализация металлоконструкций
296,2025-03-05,РН-25-0208,90.03,68.02,236330.47,,НДС с реализации
297,2025-03-09,РН-25-0209,62,90.01,1552479.88,,Реализация металлоконструкций
298,2025-03-09,РН-25-0210,90.03,68.02,258746.65,,НДС с реализации
299,2025-03-04,РН-25-0211,62,90.01,2875066.39,,Реализация металлоконструкций
300,2025-03-04,РН-25-0212,90.03,68.02,479177.73,,НДС с реализации
301,2025-03-21,РН-25-0213,62,90.01,3107301.60,,Реализация металлоконструкций
302,2025-03-21,РН-25-0214,90.03,68.02,517883.60,,НДС с реализации
303,2025-03-12,РН-25-0215,62,90.01,1581019.82,,Реализация металлоконструкций
304,2025-03-12,РН-25-0216,90.03,68.02,263503.30,,НДС с реализации
305,2025-03-10,РН-25-0217,62,90.01,2442624.55,,Реализация металлоконструкций
306,2025-03-10,РН-25-0218,90.03,68.02,407104.09,,НДС с реализации
307,2025-03-08,РН-25-0219,62,90.01,4031586.91,,Реализация металлоконструкций
308,2025-03-08,РН-25-0220,90.03,68.02,671931.15,,НДС с реализации
309,2025-03-19,РН-25-0221,62,90.01,2134713.76,,Реализация металлоконструкций
310,2025-03-19,РН-25-0222,90.03,68.02,355785.63,,НДС с реализации
311,2025-03-19,РН-25-0223,62,90.01,3431777.87,,Реализация металлоконструкций
312,2025-03-19,РН-25-0224,90.03,68.02,571962.98,,НДС с реализации
313,2025-03-16,РН-25-0225,62,90.01,3512627.72,,Реализация металлоконструкций
314,2025-03-16,РН-25-0226,90.03,68.02,585437.95,,НДС с реализации
315,2025-03-06,ТН-25-0028,20,10,3042615.06,Материалы,Списание металлопроката в производство
316,2025-03-25,ТН-25-0029,20,10,3314782.71,Материалы,Списание металлопроката в производство
317,2025-03-21,ТН-25-0030,20,10,2617105.43,Материалы,Списание металлопроката в производство
318,2025-03-05,ТН-25-0031,20,10,2497634.46,Материалы,Списание металлопроката в производство
319,2025-03-03,ТН-25-0032,20,10,3427996.51,Материалы,Списание металлопроката в производство
320,2025-03-31,ТН-25-0033,20,10,2735046.21,Материалы,Списание металлопроката в производство
321,2025-03-12,ТН-25-0034,20,10,2858127.54,Материалы,Списание металлопроката в производство
322,2025-03-19,ТН-25-0035,20,10,3714722.71,Материалы,Списание металлопроката в производство
323,2025-03-19,ТН-25-0036,20,10,3471658.95,Материалы,Списание металлопроката в производство
324,2025-03-26,ТН-25-0037,20,10,3059611.41,Материалы,Списание металлопроката в производство
325,2025-03-03,ТН-25-0038,20,10,1741513.76,Материалы,Списание металлопроката в производство
326,2025-03-30,ТН-25-0039,20,10,3164422.16,Материалы,Списание металлопроката в производство
327,2025-03-30,ТН-25-0040,20,10,3383566.92,Материалы,Списание металлопроката в производство
328,2025-03-03,ТН-25-0041,20,10,3536525.88,Материалы,Списание металлопроката в производство
329,2025-03-09,ТН-25-0042,20,10,1336841.61,Материалы,Списание металлопроката в производство
330,2025-03-31,ЗП-25-0009,20,70,13279014.56,ФОТ,Начисление зарплаты: производственный персонал
331,2025-03-31,ЗП-25-0010,20,69,3983704.37,Страховые взносы,Страховые взносы: производственный персонал
332,2025-03-05,ПУ-25-0032,20,60,1560496.75,Энергия,Электроэнергия и газ
333,2025-03-04,ПУ-25-0033,20,60,1424564.86,Энергия,Электроэнергия и газ
334,2025-03-12,ПУ-25-0034,20,60,569189.87,Ремонты,Ремонт станочного оборудования
335,2025-03-19,ПУ-25-0035,20,60,434526.53,Ремонты,Ремонт станочного оборудования
336,2025-03-02,ПУ-25-0036,20,60,582397.14,Ремонты,Ремонт станочного оборудования
337,2025-03-02,ПУ-25-0037,20,60,483337.35,Ремонты,Ремонт станочного оборудования
338,2025-03-12,ПУ-25-0038,20,60,1463070.57,Прочие производственные,"Инструмент, расходники, услуги"
339,2025-03-31,АМ-25-0005,20,02,3400000.00,Амортизация,Амортизация производственного оборудования
340,2025-03-31,ЗП-25-0011,26,70,5200000.00,ФОТ,Начисление зарплаты: АУП
341,2025-03-31,ЗП-25-0012,26,69,1560000.00,Страховые взносы,Страховые взносы: АУП
342,2025-03-20,ПУ-25-0039,26,60,850000.00,Аренда,Аренда офиса
343,2025-03-04,ПУ-25-0040,26,60,635692.24,Прочие управленческие,"Связь, ПО, консультации"
344,2025-03-31,АМ-25-0006,26,02,250000.00,Амортизация,Амортизация офисного имущества
345,2025-03-25,ПУ-25-0041,44,60,894519.16,Доставка,Доставка продукции заказчикам
346,2025-03-15,ПУ-25-0042,44,60,696365.34,Доставка,Доставка продукции заказчикам
347,2025-03-25,ПУ-25-0043,44,60,1193688.06,Доставка,Доставка продукции заказчикам
348,2025-03-27,ПУ-25-0044,44,60,724601.83,Доставка,Доставка продукции заказчикам
349,2025-03-22,ПУ-25-0045,44,60,364803.98,Маркетинг,Выставки и реклама
350,2025-03-25,ВБ-25-0003,51,91.01,157181.84,Проценты к получению,Проценты на остаток по счёту
351,2025-03-31,ОП-25-0005,91.02,66,1700000.00,Проценты к уплате,Проценты по кредитной линии
352,2025-03-30,ОП-25-0006,91.02,76,190762.89,Прочие расходы,Банковские комиссии и прочее
353,2025-03-15,ОП-25-0007,76,91.01,224137.54,Прочие доходы,"Продажа отходов, штрафы к получению"
354,2025-03-31,ЗМ-25-0013,90.02,20,71082473.32,,Закрытие счёта 20
355,2025-03-31,ЗМ-25-0014,90.08,26,8495692.24,,Закрытие счёта 26
356,2025-03-31,ЗМ-25-0015,90.07,44,3873978.37,,Закрытие счёта 44
357,2025-03-31,ЗМ-25-0016,90.09,99,5498584.29,,Финансовый результат от продаж
358,2025-03-31,ЗМ-25-0017,99,91.09,1509443.51,,Сальдо прочих доходов и расходов
359,2025-03-31,ЗМ-25-0018,99,68.04,997285.20,Налог на прибыль,Налог на прибыль за месяц
360,2025-04-11,РН-25-0227,62,90.01,4515246.00,,Реализация металлоконструкций
361,2025-04-11,РН-25-0228,90.03,68.02,752541.00,,НДС с реализации
362,2025-04-28,РН-25-0229,62,90.01,3338536.69,,Реализация металлоконструкций
363,2025-04-28,РН-25-0230,90.03,68.02,556422.78,,НДС с реализации
364,2025-04-23,РН-25-0231,62,90.01,4147750.43,,Реализация металлоконструкций
365,2025-04-23,РН-25-0232,90.03,68.02,691291.74,,НДС с реализации
366,2025-04-07,РН-25-0233,62,90.01,4881266.93,,Реализация металлоконструкций
367,2025-04-07,РН-25-0234,90.03,68.02,813544.49,,НДС с реализации
368,2025-04-13,РН-25-0235,62,90.01,2816946.02,,Реализация металлоконструкций
369,2025-04-13,РН-25-0236,90.03,68.02,469491.00,,НДС с реализации
370,2025-04-24,РН-25-0237,62,90.01,5485474.56,,Реализация металлоконструкций
371,2025-04-24,РН-25-0238,90.03,68.02,914245.76,,НДС с реализации
372,2025-04-16,РН-25-0239,62,90.01,5096185.88,,Реализация металлоконструкций
373,2025-04-16,РН-25-0240,90.03,68.02,849364.31,,НДС с реализации
374,2025-04-08,РН-25-0241,62,90.01,3045458.54,,Реализация металлоконструкций
375,2025-04-08,РН-25-0242,90.03,68.02,507576.42,,НДС с реализации
376,2025-04-06,РН-25-0243,62,90.01,2039955.37,,Реализация металлоконструкций
377,2025-04-06,РН-25-0244,90.03,68.02,339992.56,,НДС с реализации
378,2025-04-27,РН-25-0245,62,90.01,5553430.34,,Реализация металлоконструкций
379,2025-04-27,РН-25-0246,90.03,68.02,925571.72,,НДС с реализации
380,2025-04-24,РН-25-0247,62,90.01,4818322.19,,Реализация металлоконструкций
381,2025-04-24,РН-25-0248,90.03,68.02,803053.70,,НДС с реализации
382,2025-04-09,РН-25-0249,62,90.01,3454494.79,,Реализация металлоконструкций
383,2025-04-09,РН-25-0250,90.03,68.02,575749.13,,НДС с реализации
384,2025-04-19,РН-25-0251,62,90.01,3250540.52,,Реализация металлоконструкций
385,2025-04-19,РН-25-0252,90.03,68.02,541756.75,,НДС с реализации
386,2025-04-07,РН-25-0253,62,90.01,4143572.26,,Реализация металлоконструкций
387,2025-04-07,РН-25-0254,90.03,68.02,690595.38,,НДС с реализации
388,2025-04-03,РН-25-0255,62,90.01,4386859.55,,Реализация металлоконструкций
389,2025-04-03,РН-25-0256,90.03,68.02,731143.26,,НДС с реализации
390,2025-04-25,РН-25-0257,62,90.01,4969442.82,,Реализация металлоконструкций
391,2025-04-25,РН-25-0258,90.03,68.02,828240.47,,НДС с реализации
392,2025-04-29,РН-25-0259,62,90.01,3082230.12,,Реализация металлоконструкций
393,2025-04-29,РН-25-0260,90.03,68.02,513705.02,,НДС с реализации
394,2025-04-28,РН-25-0261,62,90.01,3010765.37,,Реализация металлоконструкций
395,2025-04-28,РН-25-0262,90.03,68.02,501794.23,,НДС с реализации
396,2025-04-29,РН-25-0263,62,90.01,4651375.90,,Реализация металлоконструкций
397,2025-04-29,РН-25-0264,90.03,68.02,775229.32,,НДС с реализации
398,2025-04-16,РН-25-0265,62,90.01,3886962.65,,Реализация металлоконструкций
399,2025-04-16,РН-25-0266,90.03,68.02,647827.11,,НДС с реализации
400,2025-04-25,РН-25-0267,62,90.01,5086467.66,,Реализация металлоконструкций
401,2025-04-25,РН-25-0268,90.03,68.02,847744.61,,НДС с реализации
402,2025-04-16,РН-25-0269,62,90.01,2885322.20,,Реализация металлоконструкций
403,2025-04-16,РН-25-0270,90.03,68.02,480887.03,,НДС с реализации
404,2025-04-27,РН-25-0271,62,90.01,2354460.25,,Реализация металлоконструкций
405,2025-04-27,РН-25-0272,90.03,68.02,392410.04,,НДС с реализации
406,2025-04-23,РН-25-0273,62,90.01,4230025.90,,Реализация металлоконструкций
407,2025-04-23,РН-25-0274,90.03,68.02,705004.32,,НДС с реализации
408,2025-04-07,РН-25-0275,62,90.01,4412544.22,,Реализация металлоконструкций
409,2025-04-07,РН-25-0276,90.03,68.02,735424.04,,НДС с реализации
410,2025-04-05,РН-25-0277,62,90.01,4647248.26,,Реализация металлоконструкций
411,2025-04-05,РН-25-0278,90.03,68.02,774541.38,,НДС с реализации
412,2025-04-12,РН-25-0279,62,90.01,3783242.28,,Реализация металлоконструкций
413,2025-04-12,РН-25-0280,90.03,68.02,630540.38,,НДС с реализации
414,2025-04-22,РН-25-0281,62,90.01,2853404.40,,Реализация металлоконструкций
415,2025-04-22,РН-25-0282,90.03,68.02,475567.40,,НДС с реализации
416,2025-04-21,РН-25-0283,62,90.01,3312916.60,,Реализация металлоконструкций
417,2025-04-21,РН-25-0284,90.03,68.02,552152.77,,НДС с реализации
418,2025-04-02,ТН-25-0043,20,10,4693558.12,Материалы,Списание металлопроката в производство
419,2025-04-17,ТН-25-0044,20,10,3193554.61,Материалы,Списание металлопроката в производство
420,2025-04-11,ТН-25-0045,20,10,3080416.24,Материалы,Списание металлопроката в производство
421,2025-04-22,ТН-25-0046,20,10,4046099.50,Материалы,Списание металлопроката в производство
422,2025-04-04,ТН-25-0047,20,10,1744197.32,Материалы,Списание металлопроката в производство
423,2025-04-27,ТН-25-0048,20,10,2464634.67,Материалы,Списание металлопроката в производство
424,2025-04-21,ТН-25-0049,20,10,2947875.25,Материалы,Списание металлопроката в производство
425,2025-04-13,ТН-25-0050,20,10,3649604.47,Материалы,Списание металлопроката в производство
426,2025-04-14,ТН-25-0051,20,10,3389365.01,Материалы,Списание металлопроката в производство
427,2025-04-28,ТН-25-0052,20,10,4547925.00,Материалы,Списание металлопроката в производство
428,2025-04-08,ТН-25-0053,20,10,2240197.41,Материалы,Списание металлопроката в производство
429,2025-04-24,ТН-25-0054,20,10,4705064.42,Материалы,Списание металлопроката в производство
430,2025-04-21,ТН-25-0055,20,10,4701991.58,Материалы,Списание металлопроката в производство
431,2025-04-04,ТН-25-0056,20,10,2141525.45,Материалы,Списание металлопроката в производство
432,2025-04-30,ЗП-25-0013,20,70,13402340.81,ФОТ,Начисление зарплаты: производственный персонал
433,2025-04-30,ЗП-25-0014,20,69,4020702.24,Страховые взносы,Страховые взносы: производственный персонал
434,2025-04-18,ПУ-25-0046,20,60,1835655.28,Энергия,Электроэнергия и газ
435,2025-04-04,ПУ-25-0047,20,60,1311372.25,Энергия,Электроэнергия и газ
436,2025-04-29,ПУ-25-0048,20,60,731687.40,Ремонты,Ремонт станочного оборудования
437,2025-04-15,ПУ-25-0049,20,60,571950.49,Ремонты,Ремонт станочного оборудования
438,2025-04-16,ПУ-25-0050,20,60,894568.03,Ремонты,Ремонт станочного оборудования
439,2025-04-04,ПУ-25-0051,20,60,1503710.12,Прочие производственные,"Инструмент, расходники, услуги"
440,2025-04-30,АМ-25-0007,20,02,3400000.00,Амортизация,Амортизация производственного оборудования
441,2025-04-30,ЗП-25-0015,26,70,5200000.00,ФОТ,Начисление зарплаты: АУП
442,2025-04-30,ЗП-25-0016,26,69,1560000.00,Страховые взносы,Страховые взносы: АУП
443,2025-04-23,ПУ-25-0052,26,60,850000.00,Аренда,Аренда офиса
444,2025-04-21,ПУ-25-0053,26,60,618822.35,Прочие управленческие,"Связь, ПО, консультации"
445,2025-04-30,АМ-25-0008,26,02,250000.00,Амортизация,Амортизация офисного имущества
446,2025-04-02,ПУ-25-0054,44,60,543326.27,Доставка,Доставка продукции заказчикам
447,2025-04-02,ПУ-25-0055,44,60,808372.77,Доставка,Доставка продукции заказчикам
448,2025-04-28,ПУ-25-0056,44,60,1081033.25,Доставка,Доставка продукции заказчикам
449,2025-04-15,ПУ-25-0057,44,60,1005267.03,Доставка,Доставка продукции заказчикам
450,2025-04-03,ПУ-25-0058,44,60,419901.81,Маркетинг,Выставки и реклама
451,2025-04-06,ВБ-25-0004,51,91.01,132012.34,Проценты к получению,Проценты на остаток по счёту
452,2025-04-30,ОП-25-0008,91.02,66,1700000.00,Проценты к уплате,Проценты по кредитной линии
453,2025-04-27,ОП-25-0009,91.02,76,214835.80,Прочие расходы,Банковские комиссии и прочее
454,2025-04-25,ОП-25-0010,76,91.01,130400.79,Прочие доходы,"Продажа отходов, штрафы к получению"
455,2025-04-30,ЗМ-25-0019,90.02,20,75217995.67,,Закрытие счёта 20
456,2025-04-30,ЗМ-25-0020,90.08,26,8478822.35,,Закрытие счёта 26
457,2025-04-30,ЗМ-25-0021,90.07,44,3857901.13,,Закрытие счёта 44
458,2025-04-30,ЗМ-25-0022,90.09,99,7562321.43,,Финансовый результат от продаж
459,2025-04-30,ЗМ-25-0023,99,91.09,1652422.67,,Сальдо прочих доходов и расходов
460,2025-04-30,ЗМ-25-0024,99,68.04,1477474.69,Налог на прибыль,Налог на прибыль за месяц
461,2025-05-12,РН-25-0285,62,90.01,3678436.79,,Реализация металлоконструкций
462,2025-05-12,РН-25-0286,90.03,68.02,613072.80,,НДС с реализации
463,2025-05-04,РН-25-0287,62,90.01,3221206.10,,Реализация металлоконструкций
464,2025-05-04,РН-25-0288,90.03,68.02,536867.68,,НДС с реализации
465,2025-05-06,РН-25-0289,62,90.01,4076644.10,,Реализация металлоконструкций
466,2025-05-06,РН-25-0290,90.03,68.02,679440.68,,НДС с реализации
467,2025-05-17,РН-25-0291,62,90.01,2238741.52,,Реализация металлоконструкций
468,2025-05-17,РН-25-0292,90.03,68.02,373123.59,,НДС с реализации
469,2025-05-28,РН-25-0293,62,90.01,3847566.49,,Реализация металлоконструкций
470,2025-05-28,РН-25-0294,90.03,68.02,641261.08,,НДС с реализации
471,2025-05-01,РН-25-0295,62,90.01,4183769.45,,Реализация металлоконструкций
472,2025-05-01,РН-25-0296,90.03,68.02,697294.91,,НДС с реализации
473,2025-05-13,РН-25-0297,62,90.01,4553222.77,,Реализация металлоконструкций
474,2025-05-13,РН-25-0298,90.03,68.02,758870.46,,НДС с реализации
475,2025-05-17,РН-25-0299,62,90.01,4276391.15,,Реализация металлоконструкций
476,2025-05-17,РН-25-0300,90.03,68.02,712731.86,,НДС с реализации
477,2025-05-19,РН-25-0301,62,90.01,3934843.91,,Реализация металлоконструкций
478,2025-05-19,РН-25-0302,90.03,68.02,655807.32,,НДС с реализации
479,2025-05-07,РН-25-0303,62,90.01,1565424.47,,Реализация металлоконструкций
480,2025-05-07,РН-25-0304,90.03,68.02,260904.08,,НДС с реализации
481,2025-05-09,РН-25-0305,62,90.01,3668140.93,,Реализация металлоконструкций
482,2025-05-09,РН-25-0306,90.03,68.02,611356.82,,НДС с реализации
483,2025-05-23,РН-25-0307,62,90.01,2593686.79,,Реализация металлоконструкций
484,2025-05-23,РН-25-0308,90.03,68.02,432281.13,,НДС с реализации
485,2025-05-21,РН-25-0309,62,90.01,1756406.78,,Реализация металлоконструкций
486,2025-05-21,РН-25-0310,90.03,68.02,292734.46,,НДС с реализации
487,2025-05-04,РН-25-0311,62,90.01,2667011.68,,Реализация металлоконструкций
488,2025-05-04,РН-25-0312,90.03,68.02,444501.95,,НДС с реализации
489,2025-05-12,РН-25-0313,62,90.01,3657381.52,,Реализация металлоконструкций
490,2025-05-12,РН-25-0314,90.03,68.02,609563.59,,НДС с реализации
491,2025-05-22,РН-25-0315,62,90.01,2184047.02,,Реализация металлоконструкций
492,2025-05-22,РН-25-0316,90.03,68.02,364007.84,,НДС с реализации
493,2025-05-31,РН-25-0317,62,90.01,3829715.00,,Реализация металлоконструкций
494,2025-05-31,РН-25-0318,90.03,68.02,638285.83,,НДС с реализации
495,2025-05-18,РН-25-0319,62,90.01,4673235.68,,Реализация металлоконструкций
496,2025-05-18,РН-25-0320,90.03,68.02,778872.61,,НДС с реализации
497,2025-05-02,РН-25-0321,62,90.01,4143870.05,,Реализация металлоконструкций
498,2025-05-02,РН-25-0322,90.03,68.02,690645.01,,НДС с реализации
499,2025-05-04,РН-25-0323,62,90.01,1577495.34,,Реализация металлоконструкций
500,2025-05-04,РН-25-0324,90.03,68.02,262915.89,,НДС с реализации
501,2025-05-05,РН-25-0325,62,90.01,3903495.52,,Реализация металлоконструкций
502,2025-05-05,РН-25-0326,90.03,68.02,650582.59,,НДС с реализации
503,2025-05-26,РН-25-0327,62,90.01,2535936.18,,Реализация металлоконструкций
504,2025-05-26,РН-25-0328,90.03,68.02,422656.03,,НДС с реализации
505,2025-05-30,РН-25-0329,62,90.01,3722745.66,,Реализация металлоконструкций
506,2025-05-30,РН-25-0330,90.03,68.02,620457.61,,НДС с реализации
507,2025-05-17,РН-25-0331,62,90.01,3523425.97,,Реализация металлоконструкций
508,2025-05-17,РН-25-0332,90.03,68.02,587237.66,,НДС с реализации
509,2025-05-31,РН-25-0333,62,90.01,2858902.20,,Реализация металлоконструкций
510,2025-05-31,РН-25-0334,90.03,68.02,476483.70,,НДС с реализации
511,2025-05-04,РН-25-0335,62,90.01,4378029.34,,Реализация металлоконструкций
512,2025-05-04,РН-25-0336,90.03,68.02,729671.56,,НДС с реализации
513,2025-05-04,РН-25-0337,62,90.01,3605521.74,,Реализация металлоконструкций
514,2025-05-04,РН-25-0338,90.03,68.02,600920.29,,НДС с реализации
515,2025-05-22,РН-25-0339,62,90.01,4189377.16,,Реализация металлоконструкций
516,2025-05-22,РН-25-0340,90.03,68.02,698229.53,,НДС с реализации
517,2025-05-26,РН-25-0341,62,90.01,3386771.62,,Реализация металлоконструкций
518,2025-05-26,РН-25-0342,90.03,68.02,564461.94,,НДС с реализации
519,2025-05-14,РН-25-0343,62,90.01,3000432.28,,Реализация металлоконструкций
520,2025-05-14,РН-25-0344,90.03,68.02,500072.05,,НДС с реализации
521,2025-05-28,РН-25-0345,62,90.01,3245178.66,,Реализация металлоконструкций
522,2025-05-28,РН-25-0346,90.03,68.02,540863.11,,НДС с реализации
523,2025-05-31,РН-25-0347,62,90.01,3273640.90,,Реализация металлоконструкций
524,2025-05-31,РН-25-0348,90.03,68.02,545606.82,,НДС с реализации
525,2025-05-24,РН-25-0349,62,90.01,4137623.20,,Реализация металлоконструкций
526,2025-05-24,РН-25-0350,90.03,68.02,689603.87,,НДС с реализации
527,2025-05-17,РН-25-0351,62,90.01,2958452.36,,Реализация металлоконструкций
528,2025-05-17,РН-25-0352,90.03,68.02,493075.39,,НДС с реализации
529,2025-05-28,РН-25-0353,62,90.01,3434794.15,,Реализация металлоконструкций
530,2025-05-28,РН-25-0354,90.03,68.02,572465.69,,НДС с реализации
531,2025-05-20,РН-25-0355,62,90.01,3093010.01,,Реализация металлоконструкций
532,2025-05-20,РН-25-0356,90.03,68.02,515501.67,,НДС с реализации
533,2025-05-14,РН-25-0357,62,90.01,1791212.58,,Реализация металлоконструкций
534,2025-05-14,РН-25-0358,90.03,68.02,298535.43,,НДС с реализации
535,2025-05-16,ТН-25-0057,20,10,2405722.23,Материалы,Списание металлопроката в производство
536,2025-05-05,ТН-25-0058,20,10,5513147.48,Материалы,Списание металлопроката в производство
537,2025-05-29,ТН-25-0059,20,10,2949919.73,Материалы,Списание металлопроката в производство
538,2025-05-31,ТН-25-0060,20,10,5070612.78,Материалы,Списание металлопроката в производство
539,2025-05-28,ТН-25-0061,20,10,2733390.02,Материалы,Списание металлопроката в производство
540,2025-05-27,ТН-25-0062,20,10,6047556.30,Материалы,Списание металлопроката в производство
541,2025-05-18,ТН-25-0063,20,10,2702991.08,Материалы,Списание металлопроката в производство
542,2025-05-11,ТН-25-0064,20,10,4407617.85,Материалы,Списание металлопроката в производство
543,2025-05-11,ТН-25-0065,20,10,2503351.48,Материалы,Списание металлопроката в производство
544,2025-05-02,ТН-25-0066,20,10,2591858.14,Материалы,Списание металлопроката в производство
545,2025-05-20,ТН-25-0067,20,10,5120522.19,Материалы,Списание металлопроката в производство
546,2025-05-04,ТН-25-0068,20,10,5442040.46,Материалы,Списание металлопроката в производство
547,2025-05-11,ТН-25-0069,20,10,4288056.15,Материалы,Списание металлопроката в производство
548,2025-05-31,ЗП-25-0017,20,70,13556096.45,ФОТ,Начисление зарплаты: производственный персонал
549,2025-05-31,ЗП-25-0018,20,69,4066828.94,Страховые взносы,Страховые взносы: производственный персонал
550,2025-05-16,ПУ-25-0059,20,60,1620332.98,Энергия,Электроэнергия и газ
551,2025-05-04,ПУ-25-0060,20,60,1680229.74,Энергия,Электроэнергия и газ
552,2025-05-25,ПУ-25-0061,20,60,600627.78,Ремонты,Ремонт станочного оборудования
553,2025-05-08,ПУ-25-0062,20,60,375864.68,Ремонты,Ремонт станочного оборудования
554,2025-05-28,ПУ-25-0063,20,60,549124.76,Ремонты,Ремонт станочного оборудования
555,2025-05-01,ПУ-25-0064,20,60,476983.12,Ремонты,Ремонт станочного оборудования
556,2025-05-25,ПУ-25-0065,20,60,1269874.20,Прочие производственные,"Инструмент, расходники, услуги"
557,2025-05-31,АМ-25-0009,20,02,3400000.00,Амортизация,Амортизация производственного оборудования
558,2025-05-31,ЗП-25-0019,26,70,5200000.00,ФОТ,Начисление зарплаты: АУП
559,2025-05-31,ЗП-25-0020,26,69,1560000.00,Страховые взносы,Страховые взносы: АУП
560,2025-05-12,ПУ-25-0066,26,60,850000.00,Аренда,Аренда офиса
561,2025-05-20,ПУ-25-0067,26,60,643737.53,Прочие управленческие,"Связь, ПО, консультации"
562,2025-05-31,АМ-25-0010,26,02,250000.00,Амортизация,Амортизация офисного имущества
563,2025-05-09,ПУ-25-0068,44,60,692045.70,Доставка,Доставка продукции заказчикам
564,2025-05-17,ПУ-25-0069,44,60,829258.89,Доставка,Доставка продукции заказчикам
565,2025-05-09,ПУ-25-0070,44,60,651604.07,Доставка,Доставка продукции заказчикам
566,2025-05-02,ПУ-25-0071,44,60,828256.22,Доставка,Доставка продукции заказчикам
567,2025-05-07,ПУ-25-0072,44,60,411122.05,Доставка,Доставка продукции заказчикам
568,2025-05-26,ПУ-25-0073,44,60,304182.08,Доставка,Доставка продукции заказчикам
569,2025-05-26,ПУ-25-0074,44,60,405661.66,Маркетинг,Выставки и реклама
570,2025-05-24,ВБ-25-0005,51,91.01,154587.79,Проценты к получению,Проценты на остаток по счёту
571,2025-05-31,ОП-25-0011,91.02,66,1700000.00,Проценты к уплате,Проценты по кредитной линии
572,2025-05-24,ОП-25-0012,91.02,76,292769.61,Прочие расходы,Банковские комиссии и прочее
573,2025-05-31,ЗМ-25-0025,90.02,20,79372748.54,,Закрытие счёта 20
574,2025-05-31,ЗМ-25-0026,90.08,26,8503737.53,,Закрытие счёта 26
575,2025-05-31,ЗМ-25-0027,90.07,44,4122130.67,,Закрытие счёта 44
576,2025-05-31,ЗМ-25-0028,90.09,99,10806205.80,,Финансовый результат от продаж
577,2025-05-31,ЗМ-25-0029,99,91.09,1838181.82,,Сальдо прочих доходов и расходов
578,2025-05-31,ЗМ-25-0030,99,68.04,2242006.00,Налог на прибыль,Налог на прибыль за месяц
579,2025-06-15,РН-25-0359,62,90.01,3524524.04,,Реализация металлоконструкций
580,2025-06-15,РН-25-0360,90.03,68.02,587420.67,,НДС с реализации
581,2025-06-05,РН-25-0361,62,90.01,3379214.27,,Реализация металлоконструкций
582,2025-06-05,РН-25-0362,90.03,68.02,563202.38,,НДС с реализации
583,2025-06-03,РН-25-0363,62,90.01,3700256.22,,Реализация металлоконструкций
584,2025-06-03,РН-25-0364,90.03,68.02,616709.37,,НДС с реализации
585,2025-06-05,РН-25-0365,62,90.01,5235799.63,,Реализация металлоконструкций
586,2025-06-05,РН-25-0366,90.03,68.02,872633.27,,НДС с реализации
587,2025-06-19,РН-25-0367,62,90.01,3595622.30,,Реализация металлоконструкций
588,2025-06-19,РН-25-0368,90.03,68.02,599270.38,,НДС с реализации
589,2025-06-21,РН-25-0369,62,90.01,2690972.77,,Реализация металлоконструкций
590,2025-06-21,РН-25-0370,90.03,68.02,448495.46,,НДС с реализации
591,2025-06-17,РН-25-0371,62,90.01,2149137.17,,Реализация металлоконструкций
592,2025-06-17,РН-25-0372,90.03,68.02,358189.53,,НДС с реализации
593,2025-06-09,РН-25-0373,62,90.01,4137440.57,,Реализация металлоконструкций
594,2025-06-09,РН-25-0374,90.03,68.02,689573.43,,НДС с реализации
595,2025-06-23,РН-25-0375,62,90.01,3946807.56,,Реализация металлоконструкций
596,2025-06-23,РН-25-0376,90.03,68.02,657801.26,,НДС с реализации
597,2025-06-06,РН-25-0377,62,90.01,2456202.00,,Реализация металлоконструкций
598,2025-06-06,РН-25-0378,90.03,68.02,409367.00,,НДС с реализации
599,2025-06-16,РН-25-0379,62,90.01,4963482.35,,Реализация металлоконструкций
600,2025-06-16,РН-25-0380,90.03,68.02,827247.06,,НДС с реализации
601,2025-06-11,РН-25-0381,62,90.01,5311378.28,,Реализация металлоконструкций
602,2025-06-11,РН-25-0382,90.03,68.02,885229.71,,НДС с реализации
603,2025-06-04,РН-25-0383,62,90.01,4415048.59,,Реализация металлоконструкций
604,2025-06-04,РН-25-0384,90.03,68.02,735841.43,,НДС с реализации
605,2025-06-22,РН-25-0385,62,90.01,2725278.86,,Реализация металлоконструкций
606,2025-06-22,РН-25-0386,90.03,68.02,454213.14,,НДС с реализации
607,2025-06-12,РН-25-0387,62,90.01,3258735.06,,Реализация металлоконструкций
608,2025-06-12,РН-25-0388,90.03,68.02,543122.51,,НДС с реализации
609,2025-06-19,РН-25-0389,62,90.01,5435264.92,,Реализация металлоконструкций
610,2025-06-19,РН-25-0390,90.03,68.02,905877.49,,НДС с реализации
611,2025-06-17,РН-25-0391,62,90.01,3953881.02,,Реализация металлоконструкций
612,2025-06-17,РН-25-0392,90.03,68.02,658980.17,,НДС с реализации
613,2025-06-12,РН-25-0393,62,90.01,1977724.38,,Реализация металлоконструкций
614,2025-06-12,РН-25-0394,90.03,68.02,329620.73,,НДС с реализации
615,2025-06-13,РН-25-0395,62,90.01,2552818.85,,Реализация металлоконструкций
616,2025-06-13,РН-25-0396,90.03,68.02,425469.81,,НДС с реализации
617,2025-06-27,РН-25-0397,62,90.01,4820177.83,,Реализация металлоконструкций
618,2025-06-27,РН-25-0398,90.03,68.02,803362.97,,НДС с реализации
619,2025-06-30,РН-25-0399,62,90.01,4259262.32,,Реализация металлоконструкций
620,2025-06-30,РН-25-0400,90.03,68.02,709877.05,,НДС с реализации
621,2025-06-03,РН-25-0401,62,90.01,1885574.62,,Реализация металлоконструкций
622,2025-06-03,РН-25-0402,90.03,68.02,314262.44,,НДС с реализации
623,2025-06-04,РН-25-0403,62,90.01,5084533.75,,Реализация металлоконструкций
624,2025-06-04,РН-25-0404,90.03,68.02,847422.29,,НДС с реализации
625,2025-06-18,РН-25-0405,62,90.01,2851324.44,,Реализация металлоконструкций
626,2025-06-18,РН-25-0406,90.03,68.02,475220.74,,НДС с реализации
627,2025-06-17,РН-25-0407,62,90.01,4078196.66,,Реализация металлоконструкций
628,2025-06-17,РН-25-0408,90.03,68.02,679699.44,,НДС с реализации
629,2025-06-16,РН-25-0409,62,90.01,4315924.66,,Реализация металлоконструкций
630,2025-06-16,РН-25-0410,90.03,68.02,719320.78,,НДС с реализации
631,2025-06-15,РН-25-0411,62,90.01,3649007.56,,Реализация металлоконструкций
632,2025-06-15,РН-25-0412,90.03,68.02,608167.93,,НДС с реализации
633,2025-06-06,РН-25-0413,62,90.01,2046771.19,,Реализация металлоконструкций
634,2025-06-06,РН-25-0414,90.03,68.02,341128.53,,НДС с реализации
635,2025-06-27,РН-25-0415,62,90.01,5370713.04,,Реализация металлоконструкций
636,2025-06-27,РН-25-0416,90.03,68.02,895118.84,,НДС с реализации
637,2025-06-05,РН-25-0417,62,90.01,5269894.46,,Реализация металлоконструкций
638,2025-06-05,РН-25-0418,90.03,68.02,878315.74,,НДС с реализации
639,2025-06-14,РН-25-0419,62,90.01,2901548.46,,Реализация металлоконструкций
640,2025-06-14,РН-25-0420,90.03,68.02,483591.41,,НДС с реализации
641,2025-06-09,РН-25-0421,62,90.01,3923828.09,,Реализация металлоконструкций
642,2025-06-09,РН-25-0422,90.03,68.02,653971.35,,НДС с реализации
643,2025-06-26,РН-25-0423,62,90.01,2849251.26,,Реализация металлоконструкций
644,2025-06-26,РН-25-0424,90.03,68.02,474875.21,,НДС с реализации
645,2025-06-02,РН-25-0425,62,90.01,2051560.51,,Реализация металлоконструкций
646,2025-06-02,РН-25-0426,90.03,68.02,341926.75,,НДС с реализации
647,2025-06-13,РН-25-0427,62,90.01,1931965.54,,Реализация металлоконструкций
648,2025-06-13,РН-25-0428,90.03,68.02,321994.26,,НДС с реализации
649,2025-06-12,ТН-25-0070,20,10,3949589.18,Материалы,Списание металлопроката в производство
650,2025-06-25,ТН-25-0071,20,10,3723501.21,Материалы,Списание металлопроката в производство
651,2025-06-30,ТН-25-0072,20,10,2523129.62,Материалы,Списание металлопроката в производство
652,2025-06-21,ТН-25-0073,20,10,3891902.00,Материалы,Списание металлопроката в производство
653,2025-06-25,ТН-25-0074,20,10,3141874.53,Материалы,Списание металлопроката в производство
654,2025-06-26,ТН-25-0075,20,10,3458461.04,Материалы,Списание металлопроката в производство
655,2025-06-18,ТН-25-0076,20,10,2414317.46,Материалы,Списание металлопроката в производство
656,2025-06-26,ТН-25-0077,20,10,1632537.83,Материалы,Списание металлопроката в производство
657,2025-06-11,ТН-25-0078,20,10,1841612.34,Материалы,Списание металлопроката в производство
658,2025-06-01,ТН-25-0079,20,10,2567975.87,Материалы,Списание металлопроката в производство
659,2025-06-16,ТН-25-0080,20,10,1549189.30,Материалы,Списание металлопроката в производство
660,2025-06-27,ТН-25-0081,20,10,3221950.48,Материалы,Списание металлопроката в производство
661,2025-06-22,ТН-25-0082,20,10,4144059.99,Материалы,Списание металлопроката в производство
662,2025-06-06,ТН-25-0083,20,10,4224677.09,Материалы,Списание металлопроката в производство
663,2025-06-20,ТН-25-0084,20,10,2573915.88,Материалы,Списание металлопроката в производство
664,2025-06-10,ТН-25-0085,20,10,4336521.50,Материалы,Списание металлопроката в производство
665,2025-06-20,ТН-25-0086,20,10,4259957.53,Материалы,Списание металлопроката в производство
666,2025-06-30,ЗП-25-0021,20,70,13611652.05,ФОТ,Начисление зарплаты: производственный персонал
667,2025-06-30,ЗП-25-0022,20,69,4083495.62,Страховые взносы,Страховые взносы: производственный персонал
668,2025-06-17,ПУ-25-0075,20,60,1076243.41,Энергия,Электроэнергия и газ
669,2025-06-03,ПУ-25-0076,20,60,2333127.65,Энергия,Электроэнергия и газ
670,2025-06-18,ПУ-25-0077,20,60,498703.19,Ремонты,Ремонт станочного оборудования
671,2025-06-01,ПУ-25-0078,20,60,361749.66,Ремонты,Ремонт станочного оборудования
672,2025-06-04,ПУ-25-0079,20,60,184471.83,Ремонты,Ремонт станочного оборудования
673,2025-06-20,ПУ-25-0080,20,60,401434.62,Ремонты,Ремонт станочного оборудования
674,2025-06-12,ПУ-25-0081,20,60,357362.89,Ремонты,Ремонт станочного оборудования
675,2025-06-23,ПУ-25-0082,20,60,241694.70,Ремонты,Ремонт станочного оборудования
676,2025-06-13,ПУ-25-0083,20,60,1298774.18,Прочие производственные,"Инструмент, расходники, услуги"
677,2025-06-30,АМ-25-0011,20,02,3400000.00,Амортизация,Амортизация производственного оборудования
678,2025-06-30,ЗП-25-0023,26,70,5200000.00,ФОТ,Начисление зарплаты: АУП
679,2025-06-30,ЗП-25-0024,26,69,1560000.00,Страховые взносы,Страховые взносы: АУП
680,2025-06-02,ПУ-25-0084,26,60,850000.00,Аренда,Аренда офиса
681,2025-06-04,ПУ-25-0085,26,60,521668.74,Прочие управленческие,"Связь, ПО, консультации"
682,2025-06-30,АМ-25-0012,26,02,250000.00,Амортизация,Амортизация офисного имущества
683,2025-06-10,ПУ-25-0086,44,60,1215839.20,Доставка,Доставка продукции заказчикам
684,2025-06-07,ПУ-25-0087,44,60,454411.43,Доставка,Доставка продукции заказчикам
685,2025-06-30,ПУ-25-0088,44,60,576952.71,Доставка,Доставка продукции заказчикам
686,2025-06-28,ПУ-25-0089,44,60,569469.22,Доставка,Доставка продукции заказчикам
687,2025-06-10,ПУ-25-0090,44,60,1238511.56,Доставка,Доставка продукции заказчикам
688,2025-06-09,ПУ-25-0091,44,60,359362.17,Маркетинг,Выставки и реклама
689,2025-06-21,ВБ-25-0006,51,91.01,135472.48,Проценты к получению,Проценты на остаток по счёту
690,2025-06-30,ОП-25-0013,91.02,66,1700000.00,Проценты к уплате,Проценты по кредитной линии
691,2025-06-18,ОП-25-0014,91.02,76,183008.66,Прочие расходы,Банковские комиссии и прочее
692,2025-06-30,ЗМ-25-0031,90.02,20,81303882.65,,Закрытие счёта 20
693,2025-06-30,ЗМ-25-0032,90.08,26,8381668.74,,Закрытие счёта 26
694,2025-06-30,ЗМ-25-0033,90.07,44,4414546.29,,Закрытие счёта 44
695,2025-06-30,ЗМ-25-0034,90.09,99,11482505.02,,Финансовый результат от продаж
696,2025-06-30,ЗМ-25-0035,99,91.09,1747536.18,,Сальдо прочих доходов и расходов
697,2025-06-30,ЗМ-25-0036,99,68.04,2433742.21,Налог на прибыль,Налог на прибыль за месяц
698,2025-07-15,РН-25-0429,62,90.01,4930624.12,,Реализация металлоконструкций
699,2025-07-15,РН-25-0430,90.03,68.02,821770.69,,НДС с реализации
700,2025-07-19,РН-25-0431,62,90.01,3841497.01,,Реализация металлоконструкций
701,2025-07-19,РН-25-0432,90.03,68.02,640249.50,,НДС с реализации
702,2025-07-13,РН-25-0433,62,90.01,3960544.00,,Реализация металлоконструкций
703,2025-07-13,РН-25-0434,90.03,68.02,660090.67,,НДС с реализации
704,2025-07-30,РН-25-0435,62,90.01,3569890.67,,Реализация металлоконструкций
705,2025-07-30,РН-25-0436,90.03,68.02,594981.78,,НДС с реализации
706,2025-07-20,РН-25-0437,62,90.01,4356224.98,,Реализация металлоконструкций
707,2025-07-20,РН-25-0438,90.03,68.02,726037.50,,НДС с реализации
708,2025-07-16,РН-25-0439,62,90.01,4720049.46,,Реализация металлоконструкций
709,2025-07-16,РН-25-0440,90.03,68.02,786674.91,,НДС с реализации
710,2025-07-11,РН-25-0441,62,90.01,2401838.34,,Реализация металлоконструкций
711,2025-07-11,РН-25-0442,90.03,68.02,400306.39,,НДС с реализации
712,2025-07-14,РН-25-0443,62,90.01,3657883.75,,Реализация металлоконструкций
713,2025-07-14,РН-25-0444,90.03,68.02,609647.29,,НДС с реализации
714,2025-07-23,РН-25-0445,62,90.01,2364505.58,,Реализация металлоконструкций
715,2025-07-23,РН-25-0446,90.03,68.02,394084.26,,НДС с реализации
716,2025-07-03,РН-25-0447,62,90.01,3503380.07,,Реализация металлоконструкций
717,2025-07-03,РН-25-0448,90.03,68.02,583896.68,,НДС с реализации
718,2025-07-16,РН-25-0449,62,90.01,2319551.23,,Реализация металлоконструкций
719,2025-07-16,РН-25-0450,90.03,68.02,386591.87,,НДС с реализации
720,2025-07-06,РН-25-0451,62,90.01,2400754.14,,Реализация металлоконструкций
721,2025-07-06,РН-25-0452,90.03,68.02,400125.69,,НДС с реализации
722,2025-07-06,РН-25-0453,62,90.01,2372197.72,,Реализация металлоконструкций
723,2025-07-06,РН-25-0454,90.03,68.02,395366.29,,НДС с реализации
724,2025-07-22,РН-25-0455,62,90.01,2012268.44,,Реализация металлоконструкций
725,2025-07-22,РН-25-0456,90.03,68.02,335378.07,,НДС с реализации
726,2025-07-16,РН-25-0457,62,90.01,4881110.16,,Реализация металлоконструкций
727,2025-07-16,РН-25-0458,90.03,68.02,813518.36,,НДС с реализации
728,2025-07-15,РН-25-0459,62,90.01,2773298.60,,Реализация металлоконструкций
729,2025-07-15,РН-25-0460,90.03,68.02,462216.43,,НДС с реализации
730,2025-07-28,РН-25-0461,62,90.01,5289612.91,,Реализация металлоконструкций
731,2025-07-28,РН-25-0462,90.03,68.02,881602.15,,НДС с реализации
732,2025-07-11,РН-25-0463,62,90.01,2351177.53,,Реализация металлоконструкций
733,2025-07-11,РН-25-0464,90.03,68.02,391862.92,,НДС с реализации
734,2025-07-07,РН-25-0465,62,90.01,2024831.89,,Реализация металлоконструкций
735,2025-07-07,РН-25-0466,90.03,68.02,337471.98,,НДС с реализации
736,2025-07-19,РН-25-0467,62,90.01,3749231.65,,Реализация металлоконструкций
737,2025-07-19,РН-25-0468,90.03,68.02,624871.94,,НДС с реализации
738,2025-07-12,РН-25-0469,62,90.01,5655948.53,,Реализация металлоконструкций
739,2025-07-12,РН-25-0470,90.03,68.02,942658.09,,НДС с реализации
740,2025-07-07,РН-25-0471,62,90.01,4702507.55,,Реализация металлоконструкций
741,2025-07-07,РН-25-0472,90.03,68.02,783751.26,,НДС с реализации
742,2025-07-29,РН-25-0473,62,90.01,3859755.47,,Реализация металлоконструкций
743,2025-07-29,РН-25-0474,90.03,68.02,643292.58,,НДС с реализации
744,2025-07-19,РН-25-0475,62,90.01,4365486.60,,Реализация металлоконструкций
745,2025-07-19,РН-25-0476,90.03,68.02,727581.10,,НДС с реализации
746,2025-07-21,РН-25-0477,62,90.01,5182683.29,,Реализация металлоконструкций
747,2025-07-21,РН-25-0478,90.03,68.02,863780.55,,НДС с реализации
748,2025-07-22,РН-25-0479,62,90.01,5375714.90,,Реализация металлоконструкций
749,2025-07-22,РН-25-0480,90.03,68.02,895952.48,,НДС с реализации
750,2025-07-30,РН-25-0481,62,90.01,2611725.08,,Реализация металлоконструкций
751,2025-07-30,РН-25-0482,90.03,68.02,435287.51,,НДС с реализации
752,2025-07-15,РН-25-0483,62,90.01,3864510.23,,Реализация металлоконструкций
753,2025-07-15,РН-25-0484,90.03,68.02,644085.04,,НДС с реализации
754,2025-07-30,РН-25-0485,62,90.01,4774305.88,,Реализация металлоконструкций
755,2025-07-30,РН-25-0486,90.03,68.02,795717.65,,НДС с реализации
756,2025-07-17,РН-25-0487,62,90.01,4829316.94,,Реализация металлоконструкций
757,2025-07-17,РН-25-0488,90.03,68.02,804886.16,,НДС с реализации
758,2025-07-09,РН-25-0489,62,90.01,2429765.76,,Реализация металлоконструкций
759,2025-07-09,РН-25-0490,90.03,68.02,404960.96,,НДС с реализации
760,2025-07-10,РН-25-0491,62,90.01,3049554.79,,Реализация металлоконструкций
761,2025-07-10,РН-25-0492,90.03,68.02,508259.13,,НДС с реализации
762,2025-07-01,РН-25-0493,62,90.01,5122951.99,,Реализация металлоконструкций
763,2025-07-01,РН-25-0494,90.03,68.02,853825.33,,НДС с реализации
764,2025-07-16,РН-25-0495,62,90.01,4467380.42,,Реализация металлоконструкций
765,2025-07-16,РН-25-0496,90.03,68.02,744563.40,,НДС с реализации
766,2025-07-01,РН-25-0497,62,90.01,2961886.28,,Реализация металлоконструкций
767,2025-07-01,РН-25-0498,90.03,68.02,493647.71,,НДС с реализации
768,2025-07-10,ТН-25-0087,20,10,2036109.63,Материалы,Списание металлопроката в производство
769,2025-07-01,ТН-25-0088,20,10,4892343.22,Материалы,Списание металлопроката в производство
770,2025-07-30,ТН-25-0089,20,10,3834135.16,Материалы,Списание металлопроката в производство
771,2025-07-18,ТН-25-0090,20,10,2854272.55,Материалы,Списание металлопроката в производство
772,2025-07-03,ТН-25-0091,20,10,3474016.73,Материалы,Списание металлопроката в производство
773,2025-07-13,ТН-25-0092,20,10,3237461.34,Материалы,Списание металлопроката в производство
774,2025-07-24,ТН-25-0093,20,10,1903548.83,Материалы,Списание металлопроката в производство
775,2025-07-12,ТН-25-0094,20,10,2384688.56,Материалы,Списание металлопроката в производство
776,2025-07-25,ТН-25-0095,20,10,2523812.99,Материалы,Списание металлопроката в производство
777,2025-07-10,ТН-25-0096,20,10,3310539.28,Материалы,Списание металлопроката в производство
778,2025-07-24,ТН-25-0097,20,10,3664385.41,Материалы,Списание металлопроката в производство
779,2025-07-10,ТН-25-0098,20,10,2898218.79,Материалы,Списание металлопроката в производство
780,2025-07-06,ТН-25-0099,20,10,4690706.87,Материалы,Списание металлопроката в производство
781,2025-07-26,ТН-25-0100,20,10,3412069.39,Материалы,Списание металлопроката в производство
782,2025-07-11,ТН-25-0101,20,10,2827318.17,Материалы,Списание металлопроката в производство
783,2025-07-23,ТН-25-0102,20,10,2147931.35,Материалы,Списание металлопроката в производство
784,2025-07-25,ТН-25-0103,20,10,2084135.44,Материалы,Списание металлопроката в производство
785,2025-07-03,ТН-25-0104,20,10,2532114.16,Материалы,Списание металлопроката в производство
786,2025-07-31,ЗП-25-0025,20,70,13678899.43,ФОТ,Начисление зарплаты: производственный персонал
787,2025-07-31,ЗП-25-0026,20,69,4103669.83,Страховые взносы,Страховые взносы: производственный персонал
788,2025-07-20,ПУ-25-0092,20,60,1870737.48,Энергия,Электроэнергия и газ
789,2025-07-14,ПУ-25-0093,20,60,1455207.04,Энергия,Электроэнергия и газ
790,2025-07-21,ПУ-25-0094,20,60,265876.41,Ремонты,Ремонт станочного оборудования
791,2025-07-21,ПУ-25-0095,20,60,546606.11,Ремонты,Ремонт станочного оборудования
792,2025-07-11,ПУ-25-0096,20,60,391596.96,Ремонты,Ремонт станочного оборудования
793,2025-07-24,ПУ-25-0097,20,60,538255.47,Ремонты,Ремонт станочного оборудования
794,2025-07-07,ПУ-25-0098,20,60,470480.62,Ремонты,Ремонт станочного оборудования
795,2025-07-17,ПУ-25-0099,20,60,1381367.36,Прочие производственные,"Инструмент, расходники, услуги"
796,2025-07-31,АМ-25-0013,20,02,3400000.00,Амортизация,Амортизация производственного оборудования
797,2025-07-31,ЗП-25-0027,26,70,5200000.00,ФОТ,Начисление зарплаты: АУП
798,2025-07-31,ЗП-25-0028,26,69,1560000.00,Страховые взносы,Страховые взносы: АУП
799,2025-07-17,ПУ-25-0100,26,60,850000.00,Аренда,Аренда офиса
800,2025-07-03,ПУ-25-0101,26,60,663818.64,Прочие управленческие,"Связь, ПО, консультации"
801,2025-07-31,АМ-25-0014,26,02,250000.00,Амортизация,Амортизация офисного имущества
802,2025-07-05,ПУ-25-0102,44,60,1528728.86,Доставка,Доставка продукции заказчикам
803,2025-07-02,ПУ-25-0103,44,60,1247467.94,Доставка,Доставка продукции заказчикам
804,2025-07-27,ПУ-25-0104,44,60,609887.09,Доставка,Доставка продукции заказчикам
805,2025-07-11,ПУ-25-0105,44,60,705529.75,Доставка,Доставка продукции заказчикам
806,2025-07-11,ПУ-25-0106,44,60,320389.57,Маркетинг,Выставки и реклама
807,2025-07-18,ВБ-25-0007,51,91.01,159397.24,Проценты к получению,Проценты на остаток по счёту
808,2025-07-31,ОП-25-0015,91.02,66,1700000.00,Проценты к уплате,Проценты по кредитной линии
809,2025-07-12,ОП-25-0016,91.02,76,223570.75,Прочие расходы,Банковские комиссии и прочее
810,2025-07-31,ЗМ-25-0037,90.02,20,82810504.58,,Закрытие счёта 20
811,2025-07-31,ЗМ-25-0038,90.08,26,8523818.64,,Закрытие счёта 26
812,2025-07-31,ЗМ-25-0039,90.07,44,4412003.21,,Закрытие счёта 44
813,2025-07-31,ЗМ-25-0040,90.09,99,13198645.21,,Финансовый результат от продаж
814,2025-07-31,ЗМ-25-0041,99,91.09,1764173.51,,Сальдо прочих доходов и расходов
815,2025-07-31,ЗМ-25-0042,99,68.04,2858617.92,Налог на прибыль,Налог на прибыль за месяц
816,2025-08-08,РН-25-0499,62,90.01,2994671.52,,Реализация металлоконструкций
817,2025-08-08,РН-25-0500,90.03,68.02,499111.92,,НДС с реализации
818,2025-08-03,РН-25-0501,62,90.01,5034755.42,,Реализация металлоконструкций
819,2025-08-03,РН-25-0502,90.03,68.02,839125.90,,НДС с реализации
820,2025-08-17,РН-25-0503,62,90.01,3816198.35,,Реализация металлоконструкций
821,2025-08-17,РН-25-0504,90.03,68.02,636033.06,,НДС с реализации
822,2025-08-29,РН-25-0505,62,90.01,5521505.80,,Реализация металлоконструкций
823,2025-08-29,РН-25-0506,90.03,68.02,920250.97,,НДС с реализации
824,2025-08-24,РН-25-0507,62,90.01,5635298.59,,Реализация металлоконструкций
825,2025-08-24,РН-25-0508,90.03,68.02,939216.43,,НДС с реализации
826,2025-08-15,РН-25-0509,62,90.01,4077449.36,,Реализация металлоконструкций
827,2025-08-15,РН-25-0510,90.03,68.02,679574.89,,НДС с реализации
828,2025-08-01,РН-25-0511,62,90.01,4783819.97,,Реализация металлоконструкций
829,2025-08-01,РН-25-0512,90.03,68.02,797303.33,,НДС с реализации
830,2025-08-23,РН-25-0513,62,90.01,2055849.04,,Реализация металлоконструкций
831,2025-08-23,РН-25-0514,90.03,68.02,342641.51,,НДС с реализации
832,2025-08-09,РН-25-0515,62,90.01,4220258.45,,Реализация металлоконструкций
833,2025-08-09,РН-25-0516,90.03,68.02,703376.41,,НДС с реализации
834,2025-08-16,РН-25-0517,62,90.01,2800229.72,,Реализация металлоконструкций
835,2025-08-16,РН-25-0518,90.03,68.02,466704.95,,НДС с реализации
836,2025-08-28,РН-25-0519,62,90.01,3485767.45,,Реализация металлоконструкций
837,2025-08-28,РН-25-0520,90.03,68.02,580961.24,,НДС с реализации
838,2025-08-12,РН-25-0521,62,90.01,3257629.13,,Реализация металлоконструкций
839,2025-08-12,РН-25-0522,90.03,68.02,542938.19,,НДС с реализации
840,2025-08-15,РН-25-0523,62,90.01,4579632.98,,Реализация металлоконструкций
841,2025-08-15,РН-25-0524,90.03,68.02,763272.16,,НДС с реализации
842,2025-08-20,РН-25-0525,62,90.01,2570476.58,,Реализация металлоконструкций
843,2025-08-20,РН-25-0526,90.03,68.02,428412.76,,НДС с реализации
844,2025-08-22,РН-25-0527,62,90.01,5494056.28,,Реализация металлоконструкций
845,2025-08-22,РН-25-0528,90.03,68.02,915676.05,,НДС с реализации
846,2025-08-11,РН-25-0529,62,90.01,3593652.28,,Реализация металлоконструкций
847,2025-08-11,РН-25-0530,90.03,68.02,598942.05,,НДС с реализации
848,2025-08-05,РН-25-0531,62,90.01,5168924.83,,Реализация металлоконструкций
849,2025-08-05,РН-25-0532,90.03,68.02,861487.47,,НДС с реализации
850,2025-08-27,РН-25-0533,62,90.01,5268383.22,,Реализация металлоконструкций
851,2025-08-27,РН-25-0534,90.03,68.02,878063.87,,НДС с реализации
852,2025-08-17,РН-25-0535,62,90.01,3601438.03,,Реализация металлоконструкций
853,2025-08-17,РН-25-0536,90.03,68.02,600239.67,,НДС с реализации
854,2025-08-13,РН-25-0537,62,90.01,3388637.30,,Реализация металлоконструкций
855,2025-08-13,РН-25-0538,90.03,68.02,564772.88,,НДС с реализации
856,2025-08-27,РН-25-0539,62,90.01,2457095.89,,Реализация металлоконструкций
857,2025-08-27,РН-25-0540,90.03,68.02,409515.98,,НДС с реализации
858,2025-08-06,РН-25-0541,62,90.01,5281516.92,,Реализация металлоконструкций
859,2025-08-06,РН-25-0542,90.03,68.02,880252.82,,НДС с реализации
860,2025-08-18,РН-25-0543,62,90.01,3462673.60,,Реализация металлоконструкций
861,2025-08-18,РН-25-0544,90.03,68.02,577112.27,,НДС с реализации
862,2025-08-01,РН-25-0545,62,90.01,4988434.57,,Реализация металлоконструкций
863,2025-08-01,РН-25-0546,90.03,68.02,831405.76,,НДС с реализации
864,2025-08-01,РН-25-0547,62,90.01,2343417.06,,Реализация металлоконструкций
865,2025-08-01,РН-25-0548,90.03,68.02,390569.51,,НДС с реализации
866,2025-08-04,РН-25-0549,62,90.01,5440576.86,,Реализация металлоконструкций
867,2025-08-04,РН-25-0550,90.03,68.02,906762.81,,НДС с реализации
868,2025-08-16,РН-25-0551,62,90.01,3124297.04,,Реализация металлоконструкций
869,2025-08-16,РН-25-0552,90.03,68.02,520716.17,,НДС с реализации
870,2025-08-11,РН-25-0553,62,90.01,2675784.01,,Реализация металлоконструкций
871,2025-08-11,РН-25-0554,90.03,68.02,445964.00,,НДС с реализации
872,2025-08-17,РН-25-0555,62,90.01,4312707.91,,Реализация металлоконструкций
873,2025-08-17,РН-25-0556,90.03,68.02,718784.65,,НДС с реализации
874,2025-08-15,РН-25-0557,62,90.01,3880751.20,,Реализация металлоконструкций
875,2025-08-15,РН-25-0558,90.03,68.02,646791.87,,НДС с реализации
876,2025-08-27,РН-25-0559,62,90.01,3194514.30,,Реализация металлоконструкций
877,2025-08-27,РН-25-0560,90.03,68.02,532419.05,,НДС с реализации
878,2025-08-01,РН-25-0561,62,90.01,2426761.46,,Реализация металлоконструкций
879,2025-08-01,РН-25-0562,90.03,68.02,404460.24,,НДС с реализации
880,2025-08-20,РН-25-0563,62,90.01,4788915.66,,Реализация металлоконструкций
881,2025-08-20,РН-25-0564,90.03,68.02,798152.61,,НДС с реализации
882,2025-08-10,ТН-25-0105,20,10,5235519.18,Материалы,Списание металлопроката в производство
883,2025-08-10,ТН-25-0106,20,10,4635218.07,Материалы,Списание металлопроката в производство
884,2025-08-19,ТН-25-0107,20,10,2849411.18,Материалы,Списание металлопроката в производство
885,2025-08-15,ТН-25-0108,20,10,4200505.84,Материалы,Списание металлопроката в производство
886,2025-08-26,ТН-25-0109,20,10,5622425.37,Материалы,Списание металлопроката в производство
887,2025-08-10,ТН-25-0110,20,10,2929841.54,Материалы,Списание металлопроката в производство
888,2025-08-06,ТН-25-0111,20,10,2525124.05,Материалы,Списание металлопроката в производство
889,2025-08-12,ТН-25-0112,20,10,5438204.61,Материалы,Списание металлопроката в производство
890,2025-08-10,ТН-25-0113,20,10,2751475.86,Материалы,Списание металлопроката в производство
891,2025-08-19,ТН-25-0114,20,10,5255557.83,Материалы,Списание металлопроката в производство
892,2025-08-04,ТН-25-0115,20,10,3751896.89,Материалы,Списание металлопроката в производство
893,2025-08-01,ТН-25-0116,20,10,2514676.84,Материалы,Списание металлопроката в производство
894,2025-08-20,ТН-25-0117,20,10,5988757.32,Материалы,Списание металлопроката в производство
895,2025-08-31,ЗП-25-0029,20,70,13662101.34,ФОТ,Начисление зарплаты: производственный персонал
896,2025-08-31,ЗП-25-0030,20,69,4098630.40,Страховые взносы,Страховые взносы: производственный персонал
897,2025-08-12,ПУ-25-0107,20,60,1713761.76,Энергия,Электроэнергия и газ
898,2025-08-16,ПУ-25-0108,20,60,1680846.60,Энергия,Электроэнергия и газ
899,2025-08-16,ПУ-25-0109,20,60,214910.19,Ремонты,Ремонт станочного оборудования
900,2025-08-08,ПУ-25-0110,20,60,386250.97,Ремонты,Ремонт станочного оборудования
901,2025-08-03,ПУ-25-0111,20,60,310972.92,Ремонты,Ремонт станочного оборудования
902,2025-08-21,ПУ-25-0112,20,60,448696.75,Ремонты,Ремонт станочного оборудования
903,2025-08-09,ПУ-25-0113,20,60,451390.57,Ремонты,Ремонт станочного оборудования
904,2025-08-16,ПУ-25-0114,20,60,429767.15,Ремонты,Ремонт станочного оборудования
905,2025-08-26,ПУ-25-0115,20,60,1277017.31,Прочие производственные,"Инструмент, расходники, услуги"
906,2025-08-31,АМ-25-0015,20,02,3400000.00,Амортизация,Амортизация производственного оборудования
907,2025-08-31,ЗП-25-0031,26,70,5200000.00,ФОТ,Начисление зарплаты: АУП
908,2025-08-31,ЗП-25-0032,26,69,1560000.00,Страховые взносы,Страховые взносы: АУП
909,2025-08-03,ПУ-25-0116,26,60,850000.00,Аренда,Аренда офиса
910,2025-08-09,ПУ-25-0117,26,60,681480.60,Прочие управленческие,"Связь, ПО, консультации"
911,2025-08-31,АМ-25-0016,26,02,250000.00,Амортизация,Амортизация офисного имущества
912,2025-08-04,ПУ-25-0118,44,60,1104896.78,Доставка,Доставка продукции заказчикам
913,2025-08-18,ПУ-25-0119,44,60,577818.78,Доставка,Доставка продукции заказчикам
914,2025-08-20,ПУ-25-0120,44,60,778921.24,Доставка,Доставка продукции заказчикам
915,2025-08-26,ПУ-25-0121,44,60,1203659.39,Доставка,Доставка продукции заказчикам
916,2025-08-18,ПУ-25-0122,44,60,568682.00,Доставка,Доставка продукции заказчикам
917,2025-08-01,ПУ-25-0123,44,60,387032.64,Маркетинг,Выставки и реклама
918,2025-08-30,ВБ-25-0008,51,91.01,133962.08,Проценты к получению,Проценты на остаток по счёту
919,2025-08-31,ОП-25-0017,91.02,66,1700000.00,Проценты к уплате,Проценты по кредитной линии
920,2025-08-14,ОП-25-0018,91.02,76,189063.42,Прочие расходы,Банковские комиссии и прочее
921,2025-08-31,ЗМ-25-0043,90.02,20,81772960.54,,Закрытие счёта 20
922,2025-08-31,ЗМ-25-0044,90.08,26,8541480.60,,Закрытие счёта 26
923,2025-08-31,ЗМ-25-0045,90.07,44,4621010.83,,Закрытие счёта 44
924,2025-08-31,ЗМ-25-0046,90.09,99,13169615.36,,Финансовый результат от продаж
925,2025-08-31,ЗМ-25-0047,99,91.09,1755101.34,,Сальдо прочих доходов и расходов
926,2025-08-31,ЗМ-25-0048,99,68.04,2853628.50,Налог на прибыль,Налог на прибыль за месяц
927,2025-09-16,РН-25-0565,62,90.01,3302559.97,,Реализация металлоконструкций
928,2025-09-16,РН-25-0566,90.03,68.02,550426.66,,НДС с реализации
929,2025-09-14,РН-25-0567,62,90.01,3752375.12,,Реализация металлоконструкций
930,2025-09-14,РН-25-0568,90.03,68.02,625395.85,,НДС с реализации
931,2025-09-26,РН-25-0569,62,90.01,1787488.39,,Реализация металлоконструкций
932,2025-09-26,РН-25-0570,90.03,68.02,297914.73,,НДС с реализации
933,2025-09-11,РН-25-0571,62,90.01,3022476.46,,Реализация металлоконструкций
934,2025-09-11,РН-25-0572,90.03,68.02,503746.08,,НДС с реализации
935,2025-09-30,РН-25-0573,62,90.01,4231285.97,,Реализация металлоконструкций
936,2025-09-30,РН-25-0574,90.03,68.02,705214.33,,НДС с реализации
937,2025-09-12,РН-25-0575,62,90.01,2894239.66,,Реализация металлоконструкций
938,2025-09-12,РН-25-0576,90.03,68.02,482373.28,,НДС с реализации
939,2025-09-04,РН-25-0577,62,90.01,3341583.92,,Реализация металлоконструкций
940,2025-09-04,РН-25-0578,90.03,68.02,556930.65,,НДС с реализации
941,2025-09-01,РН-25-0579,62,90.01,3714094.30,,Реализация металлоконструкций
942,2025-09-01,РН-25-0580,90.03,68.02,619015.72,,НДС с реализации
943,2025-09-03,РН-25-0581,62,90.01,2045915.95,,Реализация металлоконструкций
944,2025-09-03,РН-25-0582,90.03,68.02,340985.99,,НДС с реализации
945,2025-09-17,РН-25-0583,62,90.01,3213461.74,,Реализация металлоконструкций
946,2025-09-17,РН-25-0584,90.03,68.02,535576.96,,НДС с реализации
947,2025-09-06,РН-25-0585,62,90.01,4681530.88,,Реализация металлоконструкций
948,2025-09-06,РН-25-0586,90.03,68.02,780255.15,,НДС с реализации
949,2025-09-05,РН-25-0587,62,90.01,3311137.50,,Реализация металлоконструкций
950,2025-09-05,РН-25-0588,90.03,68.02,551856.25,,НДС с реализации
951,2025-09-09,РН-25-0589,62,90.01,4194160.09,,Реализация металлоконструкций
952,2025-09-09,РН-25-0590,90.03,68.02,699026.68,,НДС с реализации
953,2025-09-02,РН-25-0591,62,90.01,3944742.14,,Реализация металлоконструкций
954,2025-09-02,РН-25-0592,90.03,68.02,657457.02,,НДС с реализации
955,2025-09-01,РН-25-0593,62,90.01,3223279.67,,Реализация металлоконструкций
956,2025-09-01,РН-25-0594,90.03,68.02,537213.28,,НДС с реализации
957,2025-09-26,РН-25-0595,62,90.01,1627423.28,,Реализация металлоконструкций
958,2025-09-26,РН-25-0596,90.03,68.02,271237.21,,НДС с реализации
959,2025-09-15,РН-25-0597,62,90.01,3057535.48,,Реализация металлоконструкций
960,2025-09-15,РН-25-0598,90.03,68.02,509589.25,,НДС с реализации
961,2025-09-27,РН-25-0599,62,90.01,3376627.33,,Реализация металлоконструкций
962,2025-09-27,РН-25-0600,90.03,68.02,562771.22,,НДС с реализации
963,2025-09-18,РН-25-0601,62,90.01,4466706.79,,Реализация металлоконструкций
964,2025-09-18,РН-25-0602,90.03,68.02,744451.13,,НДС с реализации
965,2025-09-26,РН-25-0603,62,90.01,2927438.44,,Реализация металлоконструкций
966,2025-09-26,РН-25-0604,90.03,68.02,487906.41,,НДС с реализации
967,2025-09-28,РН-25-0605,62,90.01,3036009.94,,Реализация металлоконструкций
968,2025-09-28,РН-25-0606,90.03,68.02,506001.66,,НДС с реализации
969,2025-09-02,РН-25-0607,62,90.01,2606574.82,,Реализация металлоконструкций
970,2025-09-02,РН-25-0608,90.03,68.02,434429.14,,НДС с реализации
971,2025-09-01,РН-25-0609,62,90.01,3126226.94,,Реализация металлоконструкций
972,2025-09-01,РН-25-0610,90.03,68.02,521037.82,,НДС с реализации
973,2025-09-05,РН-25-0611,62,90.01,1573753.66,,Реализация металлоконструкций
974,2025-09-05,РН-25-0612,90.03,68.02,262292.28,,НДС с реализации
975,2025-09-08,РН-25-0613,62,90.01,4030230.30,,Реализация металлоконструкций
976,2025-09-08,РН-25-0614,90.03,68.02,671705.05,,НДС с реализации
977,2025-09-30,РН-25-0615,62,90.01,4140583.45,,Реализация металлоконструкций
978,2025-09-30,РН-25-0616,90.03,68.02,690097.24,,НДС с реализации
979,2025-09-21,РН-25-0617,62,90.01,2656261.06,,Реализация металлоконструкций
980,2025-09-21,РН-25-0618,90.03,68.02,442710.18,,НДС с реализации
981,2025-09-22,РН-25-0619,62,90.01,2133959.11,,Реализация металлоконструкций
982,2025-09-22,РН-25-0620,90.03,68.02,355659.85,,НДС с реализации
983,2025-09-14,РН-25-0621,62,90.01,3520205.96,,Реализация металлоконструкций
984,2025-09-14,РН-25-0622,90.03,68.02,586700.99,,НДС с реализации
985,2025-09-25,РН-25-0623,62,90.01,1978707.50,,Реализация металлоконструкций
986,2025-09-25,РН-25-0624,90.03,68.02,329784.58,,НДС с реализации
987,2025-09-11,РН-25-0625,62,90.01,3211956.92,,Реализация металлоконструкций
988,2025-09-11,РН-25-0626,90.03,68.02,535326.15,,НДС с реализации
989,2025-09-29,РН-25-0627,62,90.01,3490413.26,,Реализация металлоконструкций
990,2025-09-29,РН-25-0628,90.03,68.02,581735.54,,НДС с реализации
991,2025-09-12,РН-25-0629,62,90.01,4029861.80,,Реализация металлоконструкций
992,2025-09-12,РН-25-0630,90.03,68.02,671643.63,,НДС с реализации
993,2025-09-22,РН-25-0631,62,90.01,2106178.80,,Реализация металлоконструкций
994,2025-09-22,РН-25-0632,90.03,68.02,351029.80,,НДС с реализации
995,2025-09-30,РН-25-0633,62,90.01,4247460.30,,Реализация металлоконструкций
996,2025-09-30,РН-25-0634,90.03,68.02,707910.05,,НДС с реализации
997,2025-09-24,РН-25-0635,62,90.01,3568700.22,,Реализация металлоконструкций
998,2025-09-24,РН-25-0636,90.03,68.02,594783.37,,НДС с реализации
999,2025-09-04,РН-25-0637,62,90.01,2716716.61,,Реализация металлоконструкций
1000,2025-09-04,РН-25-0638,90.03,68.02,452786.10,,НДС с реализации
1001,2025-09-19,РН-25-0639,62,90.01,2273690.26,,Реализация металлоконструкций
1002,2025-09-19,РН-25-0640,90.03,68.02,378948.38,,НДС с реализации
1003,2025-09-16,РН-25-0641,62,90.01,2808921.02,,Реализация металлоконструкций
1004,2025-09-16,РН-25-0642,90.03,68.02,468153.50,,НДС с реализации
1005,2025-09-26,ТН-25-0118,20,10,3719219.80,Материалы,Списание металлопроката в производство
1006,2025-09-02,ТН-25-0119,20,10,2362388.23,Материалы,Списание металлопроката в производство
1007,2025-09-28,ТН-25-0120,20,10,3638378.38,Материалы,Списание металлопроката в производство
1008,2025-09-15,ТН-25-0121,20,10,3198870.45,Материалы,Списание металлопроката в производство
1009,2025-09-24,ТН-25-0122,20,10,2379042.89,Материалы,Списание металлопроката в производство
1010,2025-09-10,ТН-25-0123,20,10,1637736.57,Материалы,Списание металлопроката в производство
1011,2025-09-19,ТН-25-0124,20,10,3203054.70,Материалы,Списание металлопроката в производство
1012,2025-09-04,ТН-25-0125,20,10,3453951.43,Материалы,Списание металлопроката в производство
1013,2025-09-23,ТН-25-0126,20,10,3303150.96,Материалы,Списание металлопроката в производство
1014,2025-09-16,ТН-25-0127,20,10,1806670.85,Материалы,Списание металлопроката в производство
1015,2025-09-04,ТН-25-0128,20,10,2644334.93,Материалы,Списание металлопроката в производство
1016,2025-09-10,ТН-25-0129,20,10,2535433.73,Материалы,Списание металлопроката в производство
1017,2025-09-30,ТН-25-0130,20,10,2084612.79,Материалы,Списание металлопроката в производство
1018,2025-09-09,ТН-25-0131,20,10,3243880.51,Материалы,Списание металлопроката в производство
1019,2025-09-07,ТН-25-0132,20,10,3139264.78,Материалы,Списание металлопроката в производство
1020,2025-09-04,ТН-25-0133,20,10,1835190.28,Материалы,Списание металлопроката в производство
1021,2025-09-06,ТН-25-0134,20,10,3784272.34,Материалы,Списание металлопроката в производство
1022,2025-09-16,ТН-25-0135,20,10,3387773.66,Материалы,Списание металлопроката в производство
1023,2025-09-30,ЗП-25-0033,20,70,13556207.91,ФОТ,Начисление зарплаты: производственный персонал
1024,2025-09-30,ЗП-25-0034,20,69,4066862.37,Страховые взносы,Страховые взносы: производственный персонал
1025,2025-09-14,ПУ-25-0124,20,60,2004780.02,Энергия,Электроэнергия и газ
1026,2025-09-20,ПУ-25-0125,20,60,1337608.05,Энергия,Электроэнергия и газ
1027,2025-09-04,ПУ-25-0126,20,60,816410.50,Ремонты,Ремонт станочного оборудования
1028,2025-09-03,ПУ-25-0127,20,60,941507.91,Ремонты,Ремонт станочного оборудования
1029,2025-09-28,ПУ-25-0128,20,60,505554.03,Ремонты,Ремонт станочного оборудования
1030,2025-09-26,ПУ-25-0129,20,60,1353076.61,Прочие производственные,"Инструмент, расходники, услуги"
1031,2025-09-30,АМ-25-0017,20,02,3400000.00,Амортизация,Амортизация производственного оборудования
1032,2025-09-30,ЗП-25-0035,26,70,5200000.00,ФОТ,Начисление зарплаты: АУП
1033,2025-09-30,ЗП-25-0036,26,69,1560000.00,Страховые взносы,Страховые взносы: АУП
1034,2025-09-04,ПУ-25-0130,26,60,850000.00,Аренда,Аренда офиса
1035,2025-09-16,ПУ-25-0131,26,60,682264.37,Прочие управленческие,"Связь, ПО, консультации"
1036,2025-09-30,АМ-25-0018,26,02,250000.00,Амортизация,Амортизация офисного имущества
1037,2025-09-15,ПУ-25-0132,44,60,507878.67,Доставка,Доставка продукции заказчикам
1038,2025-09-20,ПУ-25-0133,44,60,288004.62,Доставка,Доставка продукции заказчикам
1039,2025-09-02,ПУ-25-0134,44,60,693855.90,Доставка,Доставка продукции заказчикам
1040,2025-09-02,ПУ-25-0135,44,60,561168.12,Доставка,Доставка продукции заказчикам
1041,2025-09-29,ПУ-25-0136,44,60,604839.78,Доставка,Доставка продукции заказчикам
1042,2025-09-09,ПУ-25-0137,44,60,535137.60,Доставка,Доставка продукции заказчикам
1043,2025-09-15,ПУ-25-0138,44,60,643089.50,Доставка,Доставка продукции заказчикам
1044,2025-09-17,ПУ-25-0139,44,60,305947.14,Маркетинг,Выставки и реклама
1045,2025-09-09,ВБ-25-0009,51,91.01,138321.98,Проценты к получению,Проценты на остаток по счёту
1046,2025-09-30,ОП-25-0019,91.02,66,1700000.00,Проценты к уплате,Проценты по кредитной линии
1047,2025-09-01,ОП-25-0020,91.02,76,246994.76,Прочие расходы,Банковские комиссии и прочее
1048,2025-09-30,ЗМ-25-0049,90.02,20,79339234.68,,Закрытие счёта 20
1049,2025-09-30,ЗМ-25-0050,90.08,26,8542264.37,,Закрытие счёта 26
1050,2025-09-30,ЗМ-25-0051,90.07,44,4139921.33,,Закрытие счёта 44
1051,2025-09-30,ЗМ-25-0052,90.09,99,10788975.47,,Финансовый результат от продаж
1052,2025-09-30,ЗМ-25-0053,99,91.09,1808672.78,,Сальдо прочих доходов и расходов
1053,2025-09-30,ЗМ-25-0054,99,68.04,2245075.67,Налог на прибыль,Налог на прибыль за месяц
1054,2025-10-06,РН-25-0643,62,90.01,4138782.19,,Реализация металлоконструкций
1055,2025-10-06,РН-25-0644,90.03,68.02,689797.03,,НДС с реализации
1056,2025-10-12,РН-25-0645,62,90.01,3748592.06,,Реализация металлоконструкций
1057,2025-10-12,РН-25-0646,90.03,68.02,624765.34,,НДС с реализации
1058,2025-10-23,РН-25-0647,62,90.01,2617868.38,,Реализация металлоконструкций
1059,2025-10-23,РН-25-0648,90.03,68.02,436311.40,,НДС с реализации
1060,2025-10-08,РН-25-0649,62,90.01,3225454.75,,Реализация металлоконструкций
1061,2025-10-08,РН-25-0650,90.03,68.02,537575.79,,НДС с реализации
1062,2025-10-30,РН-25-0651,62,90.01,2638808.84,,Реализация металлоконструкций
1063,2025-10-30,РН-25-0652,90.03,68.02,439801.47,,НДС с реализации
1064,2025-10-11,РН-25-0653,62,90.01,2563331.69,,Реализация металлоконструкций
1065,2025-10-11,РН-25-0654,90.03,68.02,427221.95,,НДС с реализации
1066,2025-10-15,РН-25-0655,62,90.01,2681396.22,,Реализация металлоконструкций
1067,2025-10-15,РН-25-0656,90.03,68.02,446899.37,,НДС с реализации
1068,2025-10-02,РН-25-0657,62,90.01,4354136.46,,Реализация металлоконструкций
1069,2025-10-02,РН-25-0658,90.03,68.02,725689.41,,НДС с реализации
1070,2025-10-25,РН-25-0659,62,90.01,4308908.53,,Реализация металлоконструкций
1071,2025-10-25,РН-25-0660,90.03,68.02,718151.42,,НДС с реализации
1072,2025-10-07,РН-25-0661,62,90.01,2575235.77,,Реализация металлоконструкций
1073,2025-10-07,РН-25-0662,90.03,68.02,429205.96,,НДС с реализации
1074,2025-10-29,РН-25-0663,62,90.01,1880030.93,,Реализация металлоконструкций
1075,2025-10-29,РН-25-0664,90.03,68.02,313338.49,,НДС с реализации
1076,2025-10-17,РН-25-0665,62,90.01,3158874.16,,Реализация металлоконструкций
1077,2025-10-17,РН-25-0666,90.03,68.02,526479.03,,НДС с реализации
1078,2025-10-03,РН-25-0667,62,90.01,3231779.66,,Реализация металлоконструкций
1079,2025-10-03,РН-25-0668,90.03,68.02,538629.94,,НДС с реализации
1080,2025-10-30,РН-25-0669,62,90.01,2163217.86,,Реализация металлоконструкций
1081,2025-10-30,РН-25-0670,90.03,68.02,360536.31,,НДС с реализации
1082,2025-10-21,РН-25-0671,62,90.01,2704283.93,,Реализация металлоконструкций
1083,2025-10-21,РН-25-0672,90.03,68.02,450713.99,,НДС с реализации
1084,2025-10-03,РН-25-0673,62,90.01,1993851.24,,Реализация металлоконструкций
1085,2025-10-03,РН-25-0674,90.03,68.02,332308.54,,НДС с реализации
1086,2025-10-06,РН-25-0675,62,90.01,1564471.67,,Реализация металлоконструкций
1087,2025-10-06,РН-25-0676,90.03,68.02,260745.28,,НДС с реализации
1088,2025-10-08,РН-25-0677,62,90.01,1724336.80,,Реализация металлоконструкций
1089,2025-10-08,РН-25-0678,90.03,68.02,287389.47,,НДС с реализации
1090,2025-10-02,РН-25-0679,62,90.01,3036206.33,,Реализация металлоконструкций
1091,2025-10-02,РН-25-0680,90.03,68.02,506034.39,,НДС с реализации
1092,2025-10-06,РН-25-0681,62,90.01,3115707.88,,Реализация металлоконструкций
1093,2025-10-06,РН-25-0682,90.03,68.02,519284.65,,НДС с реализации
1094,2025-10-13,РН-25-0683,62,90.01,2790037.22,,Реализация металлоконструкций
1095,2025-10-13,РН-25-0684,90.03,68.02,465006.20,,НДС с реализации
1096,2025-10-22,РН-25-0685,62,90.01,2293425.50,,Реализация металлоконструкций
1097,2025-10-22,РН-25-0686,90.03,68.02,382237.58,,НДС с реализации
1098,2025-10-15,РН-25-0687,62,90.01,3240284.34,,Реализация металлоконструкций
1099,2025-10-15,РН-25-0688,90.03,68.02,540047.39,,НДС с реализации
1100,2025-10-26,РН-25-0689,62,90.01,3074796.05,,Реализация металлоконструкций
1101,2025-10-26,РН-25-0690,90.03,68.02,512466.01,,НДС с реализации
1102,2025-10-15,РН-25-0691,62,90.01,1621610.52,,Реализация металлоконструкций
1103,2025-10-15,РН-25-0692,90.03,68.02,270268.42,,НДС с реализации
1104,2025-10-15,РН-25-0693,62,90.01,3078837.96,,Реализация металлоконструкций
1105,2025-10-15,РН-25-0694,90.03,68.02,513139.66,,НДС с реализации
1106,2025-10-09,РН-25-0695,62,90.01,2723834.68,,Реализация металлоконструкций
1107,2025-10-09,РН-25-0696,90.03,68.02,453972.45,,НДС с реализации
1108,2025-10-07,РН-25-0697,62,90.01,3739534.86,,Реализация металлоконструкций
1109,2025-10-07,РН-25-0698,90.03,68.02,623255.81,,НДС с реализации
1110,2025-10-22,РН-25-0699,62,90.01,3661945.70,,Реализация металлоконструкций
1111,2025-10-22,РН-25-0700,90.03,68.02,610324.28,,НДС с реализации
1112,2025-10-06,РН-25-0701,62,90.01,2740045.54,,Реализация металлоконструкций
1113,2025-10-06,РН-25-0702,90.03,68.02,456674.26,,НДС с реализации
1114,2025-10-11,РН-25-0703,62,90.01,2735341.25,,Реализация металлоконструкций
1115,2025-10-11,РН-25-0704,90.03,68.02,455890.21,,НДС с реализации
1116,2025-10-13,РН-25-0705,62,90.01,3810158.52,,Реализация металлоконструкций
1117,2025-10-13,РН-25-0706,90.03,68.02,635026.42,,НДС с реализации
1118,2025-10-19,РН-25-0707,62,90.01,2155673.32,,Реализация металлоконструкций
1119,2025-10-19,РН-25-0708,90.03,68.02,359278.89,,НДС с реализации
1120,2025-10-06,РН-25-0709,62,90.01,3375233.12,,Реализация металлоконструкций
1121,2025-10-06,РН-25-0710,90.03,68.02,562538.85,,НДС с реализации
1122,2025-10-11,РН-25-0711,62,90.01,3202420.86,,Реализация металлоконструкций
1123,2025-10-11,РН-25-0712,90.03,68.02,533736.81,,НДС с реализации
1124,2025-10-28,РН-25-0713,62,90.01,2736892.31,,Реализация металлоконструкций
1125,2025-10-28,РН-25-0714,90.03,68.02,456148.72,,НДС с реализации
1126,2025-10-23,РН-25-0715,62,90.01,4134661.56,,Реализация металлоконструкций
1127,2025-10-23,РН-25-0716,90.03,68.02,689110.26,,НДС с реализации
1128,2025-10-26,РН-25-0717,62,90.01,3058126.98,,Реализация металлоконструкций
1129,2025-10-26,РН-25-0718,90.03,68.02,509687.83,,НДС с реализации
1130,2025-10-21,РН-25-0719,62,90.01,1530384.95,,Реализация металлоконструкций
1131,2025-10-21,РН-25-0720,90.03,68.02,255064.16,,НДС с реализации
1132,2025-10-11,ТН-25-0136,20,10,3383449.17,Материалы,Списание металлопроката в производство
1133,2025-10-28,ТН-25-0137,20,10,3181579.08,Материалы,Списание металлопроката в производство
1134,2025-10-03,ТН-25-0138,20,10,1967441.39,Материалы,Списание металлопроката в производство
1135,2025-10-25,ТН-25-0139,20,10,1467012.40,Материалы,Списание металлопроката в производство
1136,2025-10-22,ТН-25-0140,20,10,4194710.72,Материалы,Списание металлопроката в производство
1137,2025-10-04,ТН-25-0141,20,10,4131540.34,Материалы,Списание металлопроката в производство
1138,2025-10-13,ТН-25-0142,20,10,3914873.11,Материалы,Списание металлопроката в производство
1139,2025-10-29,ТН-25-0143,20,10,3857244.09,Материалы,Списание металлопроката в производство
1140,2025-10-30,ТН-25-0144,20,10,3733111.02,Материалы,Списание металлопроката в производство
1141,2025-10-24,ТН-25-0145,20,10,3009755.73,Материалы,Списание металлопроката в производство
1142,2025-10-19,ТН-25-0146,20,10,3346580.01,Материалы,Списание металлопроката в производство
1143,2025-10-12,ТН-25-0147,20,10,1531784.47,Материалы,Списание металлопроката в производство
1144,2025-10-21,ТН-25-0148,20,10,1995150.71,Материалы,Списание металлопроката в производство
1145,2025-10-03,ТН-25-0149,20,10,2478674.71,Материалы,Списание металлопроката в производство
1146,2025-10-26,ТН-25-0150,20,10,4138900.66,Материалы,Списание металлопроката в производство
1147,2025-10-31,ЗП-25-0037,20,70,13385475.34,ФОТ,Начисление зарплаты: производственный персонал
1148,2025-10-31,ЗП-25-0038,20,69,4015642.60,Страховые взносы,Страховые взносы: производственный персонал
1149,2025-10-07,ПУ-25-0140,20,60,991334.77,Энергия,Электроэнергия и газ
1150,2025-10-30,ПУ-25-0141,20,60,2158502.57,Энергия,Электроэнергия и газ
1151,2025-10-25,ПУ-25-0142,20,60,316986.71,Ремонты,Ремонт станочного оборудования
1152,2025-10-24,ПУ-25-0143,20,60,587705.95,Ремонты,Ремонт станочного оборудования
1153,2025-10-14,ПУ-25-0144,20,60,252178.99,Ремонты,Ремонт станочного оборудования
1154,2025-10-05,ПУ-25-0145,20,60,534558.87,Ремонты,Ремонт станочного оборудования
1155,2025-10-23,ПУ-25-0146,20,60,504565.73,Ремонты,Ремонт станочного оборудования
1156,2025-10-02,ПУ-25-0147,20,60,1515842.37,Прочие производственные,"Инструмент, расходники, услуги"
1157,2025-10-31,АМ-25-0019,20,02,3400000.00,Амортизация,Амортизация производственного оборудования
1158,2025-10-31,ЗП-25-0039,26,70,5200000.00,ФОТ,Начисление зарплаты: АУП
1159,2025-10-31,ЗП-25-0040,26,69,1560000.00,Страховые взносы,Страховые взносы: АУП
1160,2025-10-21,ПУ-25-0148,26,60,850000.00,Аренда,Аренда офиса
1161,2025-10-02,ПУ-25-0149,26,60,579075.55,Прочие управленческие,"Связь, ПО, консультации"
1162,2025-10-31,АМ-25-0020,26,02,250000.00,Амортизация,Амортизация офисного имущества
1163,2025-10-22,ПУ-25-0150,44,60,433636.11,Доставка,Доставка продукции заказчикам
1164,2025-10-24,ПУ-25-0151,44,60,432379.29,Доставка,Доставка продукции заказчикам
1165,2025-10-09,ПУ-25-0152,44,60,482082.94,Доставка,Доставка продукции заказчикам
1166,2025-10-29,ПУ-25-0153,44,60,461749.08,Доставка,Доставка продукции заказчикам
1167,2025-10-12,ПУ-25-0154,44,60,439793.82,Доставка,Доставка продукции заказчикам
1168,2025-10-01,ПУ-25-0155,44,60,557818.17,Доставка,Доставка продукции заказчикам
1169,2025-10-06,ПУ-25-0156,44,60,421543.54,Доставка,Доставка продукции заказчикам
1170,2025-10-24,ПУ-25-0157,44,60,272363.12,Доставка,Доставка продукции заказчикам
1171,2025-10-18,ПУ-25-0158,44,60,307711.72,Маркетинг,Выставки и реклама
1172,2025-10-21,ВБ-25-0010,51,91.01,121217.36,Проценты к получению,Проценты на остаток по счёту
1173,2025-10-31,ОП-25-0021,91.02,66,1700000.00,Проценты к уплате,Проценты по кредитной линии
1174,2025-10-09,ОП-25-0022,91.02,76,276939.70,Прочие расходы,Банковские комиссии и прочее
1175,2025-10-31,ЗМ-25-0055,90.02,20,73994601.51,,Закрытие счёта 20
1176,2025-10-31,ЗМ-25-0056,90.08,26,8439075.55,,Закрытие счёта 26
1177,2025-10-31,ЗМ-25-0057,90.07,44,3809077.79,,Закрытие счёта 44
1178,2025-10-31,ЗМ-25-0058,90.09,99,8031012.30,,Финансовый результат от продаж
1179,2025-10-31,ЗМ-25-0059,99,91.09,1855722.34,,Сальдо прочих доходов и расходов
1180,2025-10-31,ЗМ-25-0060,99,68.04,1543822.49,Налог на прибыль,Налог на прибыль за месяц
1181,2025-11-02,РН-25-0721,62,90.01,1465991.10,,Реализация металлоконструкций
1182,2025-11-02,РН-25-0722,90.03,68.02,244331.85,,НДС с реализации
1183,2025-11-17,РН-25-0723,62,90.01,3721734.85,,Реализация металлоконструкций
1184,2025-11-17,РН-25-0724,90.03,68.02,620289.14,,НДС с реализации
1185,2025-11-30,РН-25-0725,62,90.01,2761111.57,,Реализация металлоконструкций
1186,2025-11-30,РН-25-0726,90.03,68.02,460185.26,,НДС с реализации
1187,2025-11-11,РН-25-0727,62,90.01,3625187.90,,Реализация металлоконструкций
1188,2025-11-11,РН-25-0728,90.03,68.02,604197.98,,НДС с реализации
1189,2025-11-29,РН-25-0729,62,90.01,2935347.37,,Реализация металлоконструкций
1190,2025-11-29,РН-25-0730,90.03,68.02,489224.56,,НДС с реализации
1191,2025-11-19,РН-25-0731,62,90.01,3621486.64,,Реализация металлоконструкций
1192,2025-11-19,РН-25-0732,90.03,68.02,603581.11,,НДС с реализации
1193,2025-11-20,РН-25-0733,62,90.01,2501184.53,,Реализация металлоконструкций
1194,2025-11-20,РН-25-0734,90.03,68.02,416864.09,,НДС с реализации
1195,2025-11-21,РН-25-0735,62,90.01,3336801.70,,Реализация металлоконструкций
1196,2025-11-21,РН-25-0736,90.03,68.02,556133.62,,НДС с реализации
1197,2025-11-21,РН-25-0737,62,90.01,3503209.04,,Реализация металлоконструкций
1198,2025-11-21,РН-25-0738,90.03,68.02,583868.17,,НДС с реализации
1199,2025-11-25,РН-25-0739,62,90.01,1558843.15,,Реализация металлоконструкций
1200,2025-11-25,РН-25-0740,90.03,68.02,259807.19,,НДС с реализации
1201,2025-11-05,РН-25-0741,62,90.01,2668702.85,,Реализация металлоконструкций
1202,2025-11-05,РН-25-0742,90.03,68.02,444783.81,,НДС с реализации
1203,2025-11-30,РН-25-0743,62,90.01,1717746.55,,Реализация металлоконструкций
1204,2025-11-30,РН-25-0744,90.03,68.02,286291.09,,НДС с реализации
1205,2025-11-05,РН-25-0745,62,90.01,3113401.42,,Реализация металлоконструкций
1206,2025-11-05,РН-25-0746,90.03,68.02,518900.24,,НДС с реализации
1207,2025-11-02,РН-25-0747,62,90.01,2712767.09,,Реализация металлоконструкций
1208,2025-11-02,РН-25-0748,90.03,68.02,452127.85,,НДС с реализации
1209,2025-11-01,РН-25-0749,62,90.01,2616903.94,,Реализация металлоконструкций
1210,2025-11-01,РН-25-0750,90.03,68.02,436150.66,,НДС с реализации
1211,2025-11-25,РН-25-0751,62,90.01,2514003.36,,Реализация металлоконструкций
1212,2025-11-25,РН-25-0752,90.03,68.02,419000.56,,НДС с реализации
1213,2025-11-01,РН-25-0753,62,90.01,2397918.77,,Реализация металлоконструкций
1214,2025-11-01,РН-25-0754,90.03,68.02,399653.13,,НДС с реализации
1215,2025-11-04,РН-25-0755,62,90.01,1678919.10,,Реализация металлоконструкций
1216,2025-11-04,РН-25-0756,90.03,68.02,279819.85,,НДС с реализации
1217,2025-11-29,РН-25-0757,62,90.01,2530646.35,,Реализация металлоконструкций
1218,2025-11-29,РН-25-0758,90.03,68.02,421774.39,,НДС с реализации
1219,2025-11-16,РН-25-0759,62,90.01,4303846.31,,Реализация металлоконструкций
1220,2025-11-16,РН-25-0760,90.03,68.02,717307.72,,НДС с реализации
1221,2025-11-24,РН-25-0761,62,90.01,3187289.46,,Реализация металлоконструкций
1222,2025-11-24,РН-25-0762,90.03,68.02,531214.91,,НДС с реализации
1223,2025-11-02,РН-25-0763,62,90.01,1792921.24,,Реализация металлоконструкций
1224,2025-11-02,РН-25-0764,90.03,68.02,298820.21,,НДС с реализации
1225,2025-11-05,РН-25-0765,62,90.01,3884409.18,,Реализация металлоконструкций
1226,2025-11-05,РН-25-0766,90.03,68.02,647401.53,,НДС с реализации
1227,2025-11-20,РН-25-0767,62,90.01,3132419.70,,Реализация металлоконструкций
1228,2025-11-20,РН-25-0768,90.03,68.02,522069.95,,НДС с реализации
1229,2025-11-26,РН-25-0769,62,90.01,1527225.20,,Реализация металлоконструкций
1230,2025-11-26,РН-25-0770,90.03,68.02,254537.53,,НДС с реализации
1231,2025-11-26,РН-25-0771,62,90.01,2010820.36,,Реализация металлоконструкций
1232,2025-11-26,РН-25-0772,90.03,68.02,335136.73,,НДС с реализации
1233,2025-11-09,РН-25-0773,62,90.01,1690607.18,,Реализация металлоконструкций
1234,2025-11-09,РН-25-0774,90.03,68.02,281767.86,,НДС с реализации
1235,2025-11-21,РН-25-0775,62,90.01,2501388.78,,Реализация металлоконструкций
1236,2025-11-21,РН-25-0776,90.03,68.02,416898.13,,НДС с реализации
1237,2025-11-18,РН-25-0777,62,90.01,2058939.00,,Реализация металлоконструкций
1238,2025-11-18,РН-25-0778,90.03,68.02,343156.50,,НДС с реализации
1239,2025-11-13,РН-25-0779,62,90.01,3047750.92,,Реализация металлоконструкций
1240,2025-11-13,РН-25-0780,90.03,68.02,507958.49,,НДС с реализации
1241,2025-11-14,РН-25-0781,62,90.01,2825039.42,,Реализация металлоконструкций
1242,2025-11-14,РН-25-0782,90.03,68.02,470839.90,,НДС с реализации
1243,2025-11-20,РН-25-0783,62,90.01,1772678.39,,Реализация металлоконструкций
1244,2025-11-20,РН-25-0784,90.03,68.02,295446.40,,НДС с реализации
1245,2025-11-17,РН-25-0785,62,90.01,2999561.98,,Реализация металлоконструкций
1246,2025-11-17,РН-25-0786,90.03,68.02,499927.00,,НДС с реализации
1247,2025-11-05,РН-25-0787,62,90.01,1912626.66,,Реализация металлоконструкций
1248,2025-11-05,РН-25-0788,90.03,68.02,318771.11,,НДС с реализации
1249,2025-11-05,РН-25-0789,62,90.01,3837648.41,,Реализация металлоконструкций
1250,2025-11-05,РН-25-0790,90.03,68.02,639608.07,,НДС с реализации
1251,2025-11-04,РН-25-0791,62,90.01,1706522.34,,Реализация металлоконструкций
1252,2025-11-04,РН-25-0792,90.03,68.02,284420.39,,НДС с реализации
1253,2025-11-30,РН-25-0793,62,90.01,4098562.70,,Реализация металлоконструкций
1254,2025-11-30,РН-25-0794,90.03,68.02,683093.78,,НДС с реализации
1255,2025-11-03,РН-25-0795,62,90.01,2371841.68,,Реализация металлоконструкций
1256,2025-11-03,РН-25-0796,90.03,68.02,395306.95,,НДС с реализации
1257,2025-11-30,РН-25-0797,62,90.01,4327897.44,,Реализация металлоконструкций
1258,2025-11-30,РН-25-0798,90.03,68.02,721316.24,,НДС с реализации
1259,2025-11-12,ТН-25-0151,20,10,3834043.09,Материалы,Списание металлопроката в производство
1260,2025-11-28,ТН-25-0152,20,10,3911283.24,Материалы,Списание металлопроката в производство
1261,2025-11-19,ТН-25-0153,20,10,3286702.91,Материалы,Списание металлопроката в производство
1262,2025-11-17,ТН-25-0154,20,10,4208448.00,Материалы,Списание металлопроката в производство
1263,2025-11-30,ТН-25-0155,20,10,1625791.97,Материалы,Списание металлопроката в производство
1264,2025-11-08,ТН-25-0156,20,10,1643008.93,Материалы,Списание металлопроката в производство
1265,2025-11-16,ТН-25-0157,20,10,2214684.97,Материалы,Списание металлопроката в производство
1266,2025-11-07,ТН-25-0158,20,10,3993975.95,Материалы,Списание металлопроката в производство
1267,2025-11-26,ТН-25-0159,20,10,3677061.79,Материалы,Списание металлопроката в производство
1268,2025-11-22,ТН-25-0160,20,10,2279813.00,Материалы,Списание металлопроката в производство
1269,2025-11-10,ТН-25-0161,20,10,3672901.39,Материалы,Списание металлопроката в производство
1270,2025-11-24,ТН-25-0162,20,10,3297531.25,Материалы,Списание металлопроката в производство
1271,2025-11-05,ТН-25-0163,20,10,2344762.70,Материалы,Списание металлопроката в производство
1272,2025-11-17,ТН-25-0164,20,10,2581555.25,Материалы,Списание металлопроката в производство
1273,2025-11-12,ТН-25-0165,20,10,2461113.14,Материалы,Списание металлопроката в производство
1274,2025-11-30,ЗП-25-0041,20,70,13266198.39,ФОТ,Начисление зарплаты: производственный персонал
1275,2025-11-30,ЗП-25-0042,20,69,3979859.52,Страховые взносы,Страховые взносы: производственный персонал
1276,2025-11-09,ПУ-25-0159,20,60,1080306.13,Энергия,Электроэнергия и газ
1277,2025-11-17,ПУ-25-0160,20,60,1700016.45,Энергия,Электроэнергия и газ
1278,2025-11-27,ПУ-25-0161,20,60,354194.95,Ремонты,Ремонт станочного оборудования
1279,2025-11-09,ПУ-25-0162,20,60,362058.08,Ремонты,Ремонт станочного оборудования
1280,2025-11-13,ПУ-25-0163,20,60,286395.26,Ремонты,Ремонт станочного оборудования
1281,2025-11-30,ПУ-25-0164,20,60,271368.46,Ремонты,Ремонт станочного оборудования
1282,2025-11-11,ПУ-25-0165,20,60,416853.17,Ремонты,Ремонт станочного оборудования
1283,2025-11-21,ПУ-25-0166,20,60,316156.59,Ремонты,Ремонт станочного оборудования
1284,2025-11-09,ПУ-25-0167,20,60,1277684.74,Прочие производственные,"Инструмент, расходники, услуги"
1285,2025-11-30,АМ-25-0021,20,02,3400000.00,Амортизация,Амортизация производственного оборудования
1286,2025-11-30,ЗП-25-0043,26,70,5200000.00,ФОТ,Начисление зарплаты: АУП
1287,2025-11-30,ЗП-25-0044,26,69,1560000.00,Страховые взносы,Страховые взносы: АУП
1288,2025-11-09,ПУ-25-0168,26,60,850000.00,Аренда,Аренда офиса
1289,2025-11-09,ПУ-25-0169,26,60,566160.24,Прочие управленческие,"Связь, ПО, консультации"
1290,2025-11-30,АМ-25-0022,26,02,250000.00,Амортизация,Амортизация офисного имущества
1291,2025-11-12,ПУ-25-0170,44,60,753110.50,Доставка,Доставка продукции заказчикам
1292,2025-11-22,ПУ-25-0171,44,60,394023.66,Доставка,Доставка продукции заказчикам
1293,2025-11-14,ПУ-25-0172,44,60,440901.57,Доставка,Доставка продукции заказчикам
1294,2025-11-04,ПУ-25-0173,44,60,818146.97,Доставка,Доставка продукции заказчикам
1295,2025-11-05,ПУ-25-0174,44,60,698620.81,Доставка,Доставка продукции заказчикам
1296,2025-11-05,ПУ-25-0175,44,60,353417.12,Доставка,Доставка продукции заказчикам
1297,2025-11-10,ПУ-25-0176,44,60,373788.95,Маркетинг,Выставки и реклама
1298,2025-11-11,ВБ-25-0011,51,91.01,127453.70,Проценты к получению,Проценты на остаток по счёту
1299,2025-11-30,ОП-25-0023,91.02,66,1700000.00,Проценты к уплате,Проценты по кредитной линии
1300,2025-11-30,ОП-25-0024,91.02,76,291483.72,Прочие расходы,Банковские комиссии и прочее
1301,2025-11-30,ЗМ-25-0061,90.02,20,71743769.32,,Закрытие счёта 20
1302,2025-11-30,ЗМ-25-0062,90.08,26,8426160.24,,Закрытие счёта 26
1303,2025-11-30,ЗМ-25-0063,90.07,44,3832009.58,,Закрытие счёта 44
1304,2025-11-30,ЗМ-25-0064,90.09,99,4307980.54,,Финансовый результат от продаж
1305,2025-11-30,ЗМ-25-0065,99,91.09,1864030.02,,Сальдо прочих доходов и расходов
1306,2025-11-30,ЗМ-25-0066,99,68.04,610987.63,Налог на прибыль,Налог на прибыль за месяц
1307,2025-12-18,РН-25-0799,62,90.01,3860598.83,,Реализация металлоконструкций
1308,2025-12-18,РН-25-0800,90.03,68.02,643433.14,,НДС с реализации
1309,2025-12-09,РН-25-0801,62,90.01,4320250.85,,Реализация металлоконструкций
1310,2025-12-09,РН-25-0802,90.03,68.02,720041.81,,НДС с реализации
1311,2025-12-10,РН-25-0803,62,90.01,2278510.09,,Реализация металлоконструкций
1312,2025-12-10,РН-25-0804,90.03,68.02,379751.68,,НДС с реализации
1313,2025-12-24,РН-25-0805,62,90.01,4649688.66,,Реализация металлоконструкций
1314,2025-12-24,РН-25-0806,90.03,68.02,774948.11,,НДС с реализации
1315,2025-12-29,РН-25-0807,62,90.01,4410870.07,,Реализация металлоконструкций
1316,2025-12-29,РН-25-0808,90.03,68.02,735145.01,,НДС с реализации
1317,2025-12-01,РН-25-0809,62,90.01,4583589.36,,Реализация металлоконструкций
1318,2025-12-01,РН-25-0810,90.03,68.02,763931.56,,НДС с реализации
1319,2025-12-20,РН-25-0811,62,90.01,2551670.28,,Реализация металлоконструкций
1320,2025-12-20,РН-25-0812,90.03,68.02,425278.38,,НДС с реализации
1321,2025-12-28,РН-25-0813,62,90.01,3899608.49,,Реализация металлоконструкций
1322,2025-12-28,РН-25-0814,90.03,68.02,649934.75,,НДС с реализации
1323,2025-12-11,РН-25-0815,62,90.01,1718379.49,,Реализация металлоконструкций
1324,2025-12-11,РН-25-0816,90.03,68.02,286396.58,,НДС с реализации
1325,2025-12-10,РН-25-0817,62,90.01,2543992.27,,Реализация металлоконструкций
1326,2025-12-10,РН-25-0818,90.03,68.02,423998.71,,НДС с реализации
1327,2025-12-05,РН-25-0819,62,90.01,2275053.66,,Реализация металлоконструкций
1328,2025-12-05,РН-25-0820,90.03,68.02,379175.61,,НДС с реализации
1329,2025-12-07,РН-25-0821,62,90.01,2966370.97,,Реализация металлоконструкций
1330,2025-12-07,РН-25-0822,90.03,68.02,494395.16,,НДС с реализации
1331,2025-12-18,РН-25-0823,62,90.01,4059780.76,,Реализация металлоконструкций
1332,2025-12-18,РН-25-0824,90.03,68.02,676630.13,,НДС с реализации
1333,2025-12-22,РН-25-0825,62,90.01,1966678.54,,Реализация металлоконструкций
1334,2025-12-22,РН-25-0826,90.03,68.02,327779.76,,НДС с реализации
1335,2025-12-12,РН-25-0827,62,90.01,3262365.41,,Реализация металлоконструкций
1336,2025-12-12,РН-25-0828,90.03,68.02,543727.57,,НДС с реализации
1337,2025-12-11,РН-25-0829,62,90.01,4860686.46,,Реализация металлоконструкций
1338,2025-12-11,РН-25-0830,90.03,68.02,810114.41,,НДС с реализации
1339,2025-12-24,РН-25-0831,62,90.01,3282216.70,,Реализация металлоконструкций
1340,2025-12-24,РН-25-0832,90.03,68.02,547036.12,,НДС с реализации
1341,2025-12-25,РН-25-0833,62,90.01,4234672.78,,Реализация металлоконструкций
1342,2025-12-25,РН-25-0834,90.03,68.02,705778.80,,НДС с реализации
1343,2025-12-29,РН-25-0835,62,90.01,3293777.59,,Реализация металлоконструкций
1344,2025-12-29,РН-25-0836,90.03,68.02,548962.93,,НДС с реализации
1345,2025-12-25,РН-25-0837,62,90.01,3552624.13,,Реализация металлоконструкций
1346,2025-12-25,РН-25-0838,90.03,68.02,592104.02,,НДС с реализации
1347,2025-12-08,РН-25-0839,62,90.01,2685896.09,,Реализация металлоконструкций
1348,2025-12-08,РН-25-0840,90.03,68.02,447649.35,,НДС с реализации
1349,2025-12-27,РН-25-0841,62,90.01,3348353.80,,Реализация металлоконструкций
1350,2025-12-27,РН-25-0842,90.03,68.02,558058.97,,НДС с реализации
1351,2025-12-24,РН-25-0843,62,90.01,4255084.85,,Реализация металлоконструкций
1352,2025-12-24,РН-25-0844,90.03,68.02,709180.81,,НДС с реализации
1353,2025-12-28,РН-25-0845,62,90.01,4414447.70,,Реализация металлоконструкций
1354,2025-12-28,РН-25-0846,90.03,68.02,735741.28,,НДС с реализации
1355,2025-12-10,РН-25-0847,62,90.01,1999305.11,,Реализация металлоконструкций
1356,2025-12-10,РН-25-0848,90.03,68.02,333217.52,,НДС с реализации
1357,2025-12-26,РН-25-0849,62,90.01,4205931.37,,Реализация металлоконструкций
1358,2025-12-26,РН-25-0850,90.03,68.02,700988.56,,НДС с реализации
1359,2025-12-15,РН-25-0851,62,90.01,4813477.38,,Реализация металлоконструкций
1360,2025-12-15,РН-25-0852,90.03,68.02,802246.23,,НДС с реализации
1361,2025-12-29,РН-25-0853,62,90.01,3135262.82,,Реализация металлоконструкций
1362,2025-12-29,РН-25-0854,90.03,68.02,522543.80,,НДС с реализации
1363,2025-12-07,РН-25-0855,62,90.01,3721105.24,,Реализация металлоконструкций
1364,2025-12-07,РН-25-0856,90.03,68.02,620184.21,,НДС с реализации
1365,2025-12-05,ТН-25-0166,20,10,3145114.13,Материалы,Списание металлопроката в производство
1366,2025-12-06,ТН-25-0167,20,10,2737751.56,Материалы,Списание металлопроката в производство
1367,2025-12-30,ТН-25-0168,20,10,2440689.43,Материалы,Списание металлопроката в производство
1368,2025-12-01,ТН-25-0169,20,10,2312248.95,Материалы,Списание металлопроката в производство
1369,2025-12-26,ТН-25-0170,20,10,2497373.07,Материалы,Списание металлопроката в производство
1370,2025-12-12,ТН-25-0171,20,10,2560597.99,Материалы,Списание металлопроката в производство
1371,2025-12-03,ТН-25-0172,20,10,2435167.55,Материалы,Списание металлопроката в производство
1372,2025-12-18,ТН-25-0173,20,10,3240756.41,Материалы,Списание металлопроката в производство
1373,2025-12-09,ТН-25-0174,20,10,3230343.26,Материалы,Списание металлопроката в производство
1374,2025-12-07,ТН-25-0175,20,10,1296663.88,Материалы,Списание металлопроката в производство
1375,2025-12-02,ТН-25-0176,20,10,1593290.12,Материалы,Списание металлопроката в производство
1376,2025-12-10,ТН-25-0177,20,10,2548825.94,Материалы,Списание металлопроката в производство
1377,2025-12-29,ТН-25-0178,20,10,2626107.22,Материалы,Списание металлопроката в производство
1378,2025-12-30,ТН-25-0179,20,10,2709516.05,Материалы,Списание металлопроката в производство
1379,2025-12-22,ТН-25-0180,20,10,2700613.76,Материалы,Списание металлопроката в производство
1380,2025-12-03,ТН-25-0181,20,10,3153323.66,Материалы,Списание металлопроката в производство
1381,2025-12-12,ТН-25-0182,20,10,1162988.88,Материалы,Списание металлопроката в производство
1382,2025-12-31,ЗП-25-0045,20,70,13185837.49,ФОТ,Начисление зарплаты: производственный персонал
1383,2025-12-31,ЗП-25-0046,20,69,3955751.25,Страховые взносы,Страховые взносы: производственный персонал
1384,2025-12-09,ПУ-25-0177,20,60,1435381.17,Энергия,Электроэнергия и газ
1385,2025-12-05,ПУ-25-0178,20,60,1340896.91,Энергия,Электроэнергия и газ
1386,2025-12-25,ПУ-25-0179,20,60,457674.10,Ремонты,Ремонт станочного оборудования
1387,2025-12-20,ПУ-25-0180,20,60,280073.96,Ремонты,Ремонт станочного оборудования
1388,2025-12-10,ПУ-25-0181,20,60,525089.49,Ремонты,Ремонт станочного оборудования
1389,2025-12-14,ПУ-25-0182,20,60,342395.95,Ремонты,Ремонт станочного оборудования
1390,2025-12-13,ПУ-25-0183,20,60,513079.69,Ремонты,Ремонт станочного оборудования
1391,2025-12-03,ПУ-25-0184,20,60,1506329.26,Прочие производственные,"Инструмент, расходники, услуги"
1392,2025-12-31,АМ-25-0023,20,02,3400000.00,Амортизация,Амортизация производственного оборудования
1393,2025-12-31,ЗП-25-0047,26,70,5200000.00,ФОТ,Начисление зарплаты: АУП
1394,2025-12-31,ЗП-25-0048,26,69,1560000.00,Страховые взносы,Страховые взносы: АУП
1395,2025-12-20,ПУ-25-0185,26,60,850000.00,Аренда,Аренда офиса
1396,2025-12-15,ПУ-25-0186,26,60,616762.34,Прочие управленческие,"Связь, ПО, консультации"
1397,2025-12-31,АМ-25-0024,26,02,250000.00,Амортизация,Амортизация офисного имущества
1398,2025-12-16,ПУ-25-0187,44,60,782788.58,Доставка,Доставка продукции заказчикам
1399,2025-12-04,ПУ-25-0188,44,60,468906.50,Доставка,Доставка продукции заказчикам
1400,2025-12-24,ПУ-25-0189,44,60,482830.29,Доставка,Доставка продукции заказчикам
1401,2025-12-30,ПУ-25-0190,44,60,808286.26,Доставка,Доставка продукции заказчикам
1402,2025-12-13,ПУ-25-0191,44,60,691113.91,Доставка,Доставка продукции заказчикам
1403,2025-12-03,ПУ-25-0192,44,60,373483.63,Маркетинг,Выставки и реклама
1404,2025-12-25,ВБ-25-0012,51,91.01,128628.04,Проценты к получению,Проценты на остаток по счёту
1405,2025-12-31,ОП-25-0025,91.02,66,1700000.00,Проценты к уплате,Проценты по кредитной линии
1406,2025-12-25,ОП-25-0026,91.02,76,246639.27,Прочие расходы,Банковские комиссии и прочее
1407,2025-12-31,ЗМ-25-0067,90.02,20,69333881.13,,Закрытие счёта 20
1408,2025-12-31,ЗМ-25-0068,90.08,26,8476762.34,,Закрытие счёта 26
1409,2025-12-31,ЗМ-25-0069,90.07,44,3607409.17,,Закрытие счёта 44
1410,2025-12-31,ЗМ-25-0070,90.09,99,2873822.14,,Финансовый результат от продаж
1411,2025-12-31,ЗМ-25-0071,99,91.09,1818011.23,,Сальдо прочих доходов и расходов
1412,2025-12-31,ЗМ-25-0072,99,68.04,263952.73,Налог на прибыль,Налог на прибыль за месяц
1413,2026-01-04,РН-26-0001,62,90.01,1935121.97,,Реализация металлоконструкций
1414,2026-01-04,РН-26-0002,90.03,68.02,348956.42,,НДС с реализации
1415,2026-01-25,РН-26-0003,62,90.01,2395295.99,,Реализация металлоконструкций
1416,2026-01-25,РН-26-0004,90.03,68.02,431938.62,,НДС с реализации
1417,2026-01-20,РН-26-0005,62,90.01,3696493.55,,Реализация металлоконструкций
1418,2026-01-20,РН-26-0006,90.03,68.02,666580.80,,НДС с реализации
1419,2026-01-29,РН-26-0007,62,90.01,3248463.29,,Реализация металлоконструкций
1420,2026-01-29,РН-26-0008,90.03,68.02,585788.46,,НДС с реализации
1421,2026-01-07,РН-26-0009,62,90.01,2845865.24,,Реализация металлоконструкций
1422,2026-01-07,РН-26-0010,90.03,68.02,513188.81,,НДС с реализации
1423,2026-01-19,РН-26-0011,62,90.01,1634911.69,,Реализация металлоконструкций
1424,2026-01-19,РН-26-0012,90.03,68.02,294820.14,,НДС с реализации
1425,2026-01-22,РН-26-0013,62,90.01,3580567.52,,Реализация металлоконструкций
1426,2026-01-22,РН-26-0014,90.03,68.02,645676.11,,НДС с реализации
1427,2026-01-14,РН-26-0015,62,90.01,2762163.98,,Реализация металлоконструкций
1428,2026-01-14,РН-26-0016,90.03,68.02,498095.14,,НДС с реализации
1429,2026-01-20,РН-26-0017,62,90.01,3685112.08,,Реализация металлоконструкций
1430,2026-01-20,РН-26-0018,90.03,68.02,664528.41,,НДС с реализации
1431,2026-01-15,РН-26-0019,62,90.01,3196432.60,,Реализация металлоконструкций
1432,2026-01-15,РН-26-0020,90.03,68.02,576405.88,,НДС с реализации
1433,2026-01-06,РН-26-0021,62,90.01,2144595.51,,Реализация металлоконструкций
1434,2026-01-06,РН-26-0022,90.03,68.02,386730.34,,НДС с реализации
1435,2026-01-20,РН-26-0023,62,90.01,3003221.17,,Реализация металлоконструкций
1436,2026-01-20,РН-26-0024,90.03,68.02,541564.47,,НДС с реализации
1437,2026-01-24,РН-26-0025,62,90.01,3159005.49,,Реализация металлоконструкций
1438,2026-01-24,РН-26-0026,90.03,68.02,569656.73,,НДС с реализации
1439,2026-01-16,РН-26-0027,62,90.01,2251777.13,,Реализация металлоконструкций
1440,2026-01-16,РН-26-0028,90.03,68.02,406058.17,,НДС с реализации
1441,2026-01-20,РН-26-0029,62,90.01,2598123.71,,Реализация металлоконструкций
1442,2026-01-20,РН-26-0030,90.03,68.02,468514.11,,НДС с реализации
1443,2026-01-14,РН-26-0031,62,90.01,3498475.98,,Реализация металлоконструкций
1444,2026-01-14,РН-26-0032,90.03,68.02,630872.72,,НДС с реализации
1445,2026-01-18,РН-26-0033,62,90.01,3221631.03,,Реализация металлоконструкций
1446,2026-01-18,РН-26-0034,90.03,68.02,580949.86,,НДС с реализации
1447,2026-01-26,РН-26-0035,62,90.01,3512849.86,,Реализация металлоконструкций
1448,2026-01-26,РН-26-0036,90.03,68.02,633464.73,,НДС с реализации
1449,2026-01-06,РН-26-0037,62,90.01,2547736.09,,Реализация металлоконструкций
1450,2026-01-06,РН-26-0038,90.03,68.02,459427.82,,НДС с реализации
1451,2026-01-13,РН-26-0039,62,90.01,3849451.70,,Реализация металлоконструкций
1452,2026-01-13,РН-26-0040,90.03,68.02,694163.42,,НДС с реализации
1453,2026-01-24,РН-26-0041,62,90.01,3476821.29,,Реализация металлоконструкций
1454,2026-01-24,РН-26-0042,90.03,68.02,626967.77,,НДС с реализации
1455,2026-01-04,РН-26-0043,62,90.01,2383983.22,,Реализация металлоконструкций
1456,2026-01-04,РН-26-0044,90.03,68.02,429898.61,,НДС с реализации
1457,2026-01-22,РН-26-0045,62,90.01,3640688.93,,Реализация металлоконструкций
1458,2026-01-22,РН-26-0046,90.03,68.02,656517.68,,НДС с реализации
1459,2026-01-25,РН-26-0047,62,90.01,2418714.78,,Реализация металлоконструкций
1460,2026-01-25,РН-26-0048,90.03,68.02,436161.68,,НДС с реализации
1461,2026-01-31,РН-26-0049,62,90.01,2577539.81,,Реализация металлоконструкций
1462,2026-01-31,РН-26-0050,90.03,68.02,464802.26,,НДС с реализации
1463,2026-01-12,РН-26-0051,62,90.01,2280480.05,,Реализация металлоконструкций
1464,2026-01-12,РН-26-0052,90.03,68.02,411234.11,,НДС с реализации
1465,2026-01-29,РН-26-0053,62,90.01,2483540.76,,Реализация металлоконструкций
1466,2026-01-29,РН-26-0054,90.03,68.02,447851.61,,НДС с реализации
1467,2026-01-18,РН-26-0055,62,90.01,2923061.67,,Реализация металлоконструкций
1468,2026-01-18,РН-26-0056,90.03,68.02,527109.48,,НДС с реализации
1469,2026-01-18,РН-26-0057,62,90.01,3878527.69,,Реализация металлоконструкций
1470,2026-01-18,РН-26-0058,90.03,68.02,699406.63,,НДС с реализации
1471,2026-01-10,РН-26-0059,62,90.01,3276676.09,,Реализация металлоконструкций
1472,2026-01-10,РН-26-0060,90.03,68.02,590876.02,,НДС с реализации
1473,2026-01-03,РН-26-0061,62,90.01,1649415.14,,Реализация металлоконструкций
1474,2026-01-03,РН-26-0062,90.03,68.02,297435.52,,НДС с реализации
1475,2026-01-21,РН-26-0063,62,90.01,2615957.11,,Реализация металлоконструкций
1476,2026-01-21,РН-26-0064,90.03,68.02,471729.97,,НДС с реализации
1477,2026-01-21,РН-26-0065,62,90.01,1539644.93,,Реализация металлоконструкций
1478,2026-01-21,РН-26-0066,90.03,68.02,277640.89,,НДС с реализации
1479,2026-01-20,РН-26-0067,62,90.01,1699507.26,,Реализация металлоконструкций
1480,2026-01-20,РН-26-0068,90.03,68.02,306468.52,,НДС с реализации
1481,2026-01-21,РН-26-0069,62,90.01,3256019.90,,Реализация металлоконструкций
1482,2026-01-21,РН-26-0070,90.03,68.02,587151.13,,НДС с реализации
1483,2026-01-15,ТН-26-0001,20,10,2655858.79,Материалы,Списание металлопроката в производство
1484,2026-01-25,ТН-26-0002,20,10,3324932.84,Материалы,Списание металлопроката в производство
1485,2026-01-05,ТН-26-0003,20,10,3424815.75,Материалы,Списание металлопроката в производство
1486,2026-01-27,ТН-26-0004,20,10,1741265.25,Материалы,Списание металлопроката в производство
1487,2026-01-30,ТН-26-0005,20,10,3965876.23,Материалы,Списание металлопроката в производство
1488,2026-01-25,ТН-26-0006,20,10,2212339.30,Материалы,Списание металлопроката в производство
1489,2026-01-15,ТН-26-0007,20,10,2630362.03,Материалы,Списание металлопроката в производство
1490,2026-01-01,ТН-26-0008,20,10,2001074.41,Материалы,Списание металлопроката в производство
1491,2026-01-25,ТН-26-0009,20,10,4315900.10,Материалы,Списание металлопроката в производство
1492,2026-01-09,ТН-26-0010,20,10,3300047.65,Материалы,Списание металлопроката в производство
1493,2026-01-05,ТН-26-0011,20,10,3820533.60,Материалы,Списание металлопроката в производство
1494,2026-01-07,ТН-26-0012,20,10,3723388.81,Материалы,Списание металлопроката в производство
1495,2026-01-31,ТН-26-0013,20,10,3246717.58,Материалы,Списание металлопроката в производство
1496,2026-01-31,ЗП-26-0001,20,70,13925784.82,ФОТ,Начисление зарплаты: производственный персонал
1497,2026-01-31,ЗП-26-0002,20,69,4177735.45,Страховые взносы,Страховые взносы: производственный персонал
1498,2026-01-27,ПУ-26-0001,20,60,1173500.57,Энергия,Электроэнергия и газ
1499,2026-01-11,ПУ-26-0002,20,60,1539283.89,Энергия,Электроэнергия и газ
1500,2026-01-20,ПУ-26-0003,20,60,575603.56,Ремонты,Ремонт станочного оборудования
1501,2026-01-09,ПУ-26-0004,20,60,438853.36,Ремонты,Ремонт станочного оборудования
1502,2026-01-11,ПУ-26-0005,20,60,377459.25,Ремонты,Ремонт станочного оборудования
1503,2026-01-30,ПУ-26-0006,20,60,406613.24,Ремонты,Ремонт станочного оборудования
1504,2026-01-08,ПУ-26-0007,20,60,225374.33,Ремонты,Ремонт станочного оборудования
1505,2026-01-19,ПУ-26-0008,20,60,1465249.23,Прочие производственные,"Инструмент, расходники, услуги"
1506,2026-01-31,АМ-26-0001,20,02,3604000.00,Амортизация,Амортизация производственного оборудования
1507,2026-01-31,ЗП-26-0003,26,70,5564000.00,ФОТ,Начисление зарплаты: АУП
1508,2026-01-31,ЗП-26-0004,26,69,1669200.00,Страховые взносы,Страховые взносы: АУП
1509,2026-01-11,ПУ-26-0009,26,60,909500.00,Аренда,Аренда офиса
1510,2026-01-17,ПУ-26-0010,26,60,565460.77,Прочие управленческие,"Связь, ПО, консультации"
1511,2026-01-31,АМ-26-0002,26,02,250000.00,Амортизация,Амортизация офисного имущества
1512,2026-01-14,ПУ-26-0011,44,60,419004.73,Доставка,Доставка продукции заказчикам
1513,2026-01-23,ПУ-26-0012,44,60,661161.53,Доставка,Доставка продукции заказчикам
1514,2026-01-23,ПУ-26-0013,44,60,801285.33,Доставка,Доставка продукции заказчикам
1515,2026-01-03,ПУ-26-0014,44,60,420434.09,Доставка,Доставка продукции заказчикам
1516,2026-01-12,ПУ-26-0015,44,60,702915.66,Доставка,Доставка продукции заказчикам
1517,2026-01-29,ПУ-26-0016,44,60,386637.03,Маркетинг,Выставки и реклама
1518,2026-01-16,ВБ-26-0001,51,91.01,132055.46,Проценты к получению,Проценты на остаток по счёту
1519,2026-01-31,ОП-26-0001,91.02,66,2100000.00,Проценты к уплате,Проценты по кредитной линии
1520,2026-01-14,ОП-26-0002,91.02,76,176844.06,Прочие расходы,Банковские комиссии и прочее
1521,2026-01-31,ЗМ-26-0001,90.02,20,68272570.04,,Закрытие счёта 20
1522,2026-01-31,ЗМ-26-0002,90.08,26,8958160.77,,Закрытие счёта 26
1523,2026-01-31,ЗМ-26-0003,90.07,44,3391438.37,,Закрытие счёта 44
1524,2026-01-31,ЗМ-26-0004,90.09,99,417071.99,,Финансовый результат от продаж
1525,2026-01-31,ЗМ-26-0005,99,91.09,2144788.60,,Сальдо прочих доходов и расходов
1526,2026-01-31,ЗМ-26-0006,68.04,99,431929.15,Налог на прибыль,Налог на прибыль за месяц
1527,2026-02-06,РН-26-0071,62,90.01,3778181.84,,Реализация металлоконструкций
1528,2026-02-06,РН-26-0072,90.03,68.02,681311.48,,НДС с реализации
1529,2026-02-22,РН-26-0073,62,90.01,1651459.28,,Реализация металлоконструкций
1530,2026-02-22,РН-26-0074,90.03,68.02,297804.13,,НДС с реализации
1531,2026-02-07,РН-26-0075,62,90.01,2716899.22,,Реализация металлоконструкций
1532,2026-02-07,РН-26-0076,90.03,68.02,489932.65,,НДС с реализации
1533,2026-02-08,РН-26-0077,62,90.01,1842023.88,,Реализация металлоконструкций
1534,2026-02-08,РН-26-0078,90.03,68.02,332168.24,,НДС с реализации
1535,2026-02-03,РН-26-0079,62,90.01,2051544.08,,Реализация металлоконструкций
1536,2026-02-03,РН-26-0080,90.03,68.02,369950.57,,НДС с реализации
1537,2026-02-09,РН-26-0081,62,90.01,3512980.01,,Реализация металлоконструкций
1538,2026-02-09,РН-26-0082,90.03,68.02,633488.20,,НДС с реализации
1539,2026-02-22,РН-26-0083,62,90.01,3523672.20,,Реализация металлоконструкций
1540,2026-02-22,РН-26-0084,90.03,68.02,635416.30,,НДС с реализации
1541,2026-02-24,РН-26-0085,62,90.01,3899773.83,,Реализация металлоконструкций
1542,2026-02-24,РН-26-0086,90.03,68.02,703237.90,,НДС с реализации
1543,2026-02-04,РН-26-0087,62,90.01,1654003.76,,Реализация металлоконструкций
1544,2026-02-04,РН-26-0088,90.03,68.02,298262.97,,НДС с реализации
1545,2026-02-03,РН-26-0089,62,90.01,2287049.10,,Реализация металлоконструкций
1546,2026-02-03,РН-26-0090,90.03,68.02,412418.69,,НДС с реализации
1547,2026-02-16,РН-26-0091,62,90.01,2376016.92,,Реализация металлоконструкций
1548,2026-02-16,РН-26-0092,90.03,68.02,428462.07,,НДС с реализации
1549,2026-02-22,РН-26-0093,62,90.01,3876736.28,,Реализация металлоконструкций
1550,2026-02-22,РН-26-0094,90.03,68.02,699083.59,,НДС с реализации
1551,2026-02-04,РН-26-0095,62,90.01,3800603.18,,Реализация металлоконструкций
1552,2026-02-04,РН-26-0096,90.03,68.02,685354.67,,НДС с реализации
1553,2026-02-10,РН-26-0097,62,90.01,2929407.16,,Реализация металлоконструкций
1554,2026-02-10,РН-26-0098,90.03,68.02,528253.75,,НДС с реализации
1555,2026-02-25,РН-26-0099,62,90.01,3233836.61,,Реализация металлоконструкций
1556,2026-02-25,РН-26-0100,90.03,68.02,583150.86,,НДС с реализации
1557,2026-02-02,РН-26-0101,62,90.01,3262960.25,,Реализация металлоконструкций
1558,2026-02-02,РН-26-0102,90.03,68.02,588402.67,,НДС с реализации
1559,2026-02-11,РН-26-0103,62,90.01,2529598.00,,Реализация металлоконструкций
1560,2026-02-11,РН-26-0104,90.03,68.02,456157.02,,НДС с реализации
1561,2026-02-14,РН-26-0105,62,90.01,4094526.88,,Реализация металлоконструкций
1562,2026-02-14,РН-26-0106,90.03,68.02,738357.31,,НДС с реализации
1563,2026-02-18,РН-26-0107,62,90.01,2286268.79,,Реализация металлоконструкций
1564,2026-02-18,РН-26-0108,90.03,68.02,412277.98,,НДС с реализации
1565,2026-02-26,РН-26-0109,62,90.01,2041630.98,,Реализация металлоконструкций
1566,2026-02-26,РН-26-0110,90.03,68.02,368162.96,,НДС с реализации
1567,2026-02-11,РН-26-0111,62,90.01,3398417.67,,Реализация металлоконструкций
1568,2026-02-11,РН-26-0112,90.03,68.02,612829.42,,НДС с реализации
1569,2026-02-17,РН-26-0113,62,90.01,2782709.14,,Реализация металлоконструкций
1570,2026-02-17,РН-26-0114,90.03,68.02,501800.01,,НДС с реализации
1571,2026-02-24,РН-26-0115,62,90.01,4209946.60,,Реализация металлоконструкций
1572,2026-02-24,РН-26-0116,90.03,68.02,759170.70,,НДС с реализации
1573,2026-02-09,РН-26-0117,62,90.01,4459902.91,,Реализация металлоконструкций
1574,2026-02-09,РН-26-0118,90.03,68.02,804244.79,,НДС с реализации
1575,2026-02-28,РН-26-0119,62,90.01,2971168.82,,Реализация металлоконструкций
1576,2026-02-28,РН-26-0120,90.03,68.02,535784.54,,НДС с реализации
1577,2026-02-13,РН-26-0121,62,90.01,2592721.43,,Реализация металлоконструкций
1578,2026-02-13,РН-26-0122,90.03,68.02,467539.93,,НДС с реализации
1579,2026-02-15,РН-26-0123,62,90.01,1872335.10,,Реализация металлоконструкций
1580,2026-02-15,РН-26-0124,90.03,68.02,337634.20,,НДС с реализации
1581,2026-02-17,РН-26-0125,62,90.01,2829574.56,,Реализация металлоконструкций
1582,2026-02-17,РН-26-0126,90.03,68.02,510251.15,,НДС с реализации
1583,2026-02-13,РН-26-0127,62,90.01,1989869.50,,Реализация металлоконструкций
1584,2026-02-13,РН-26-0128,90.03,68.02,358828.93,,НДС с реализации
1585,2026-02-15,РН-26-0129,62,90.01,1578596.66,,Реализация металлоконструкций
1586,2026-02-15,РН-26-0130,90.03,68.02,284664.97,,НДС с реализации
1587,2026-02-27,РН-26-0131,62,90.01,3462897.21,,Реализация металлоконструкций
1588,2026-02-27,РН-26-0132,90.03,68.02,624456.87,,НДС с реализации
1589,2026-02-03,РН-26-0133,62,90.01,3929122.52,,Реализация металлоконструкций
1590,2026-02-03,РН-26-0134,90.03,68.02,708530.29,,НДС с реализации
1591,2026-02-05,РН-26-0135,62,90.01,3596572.81,,Реализация металлоконструкций
1592,2026-02-05,РН-26-0136,90.03,68.02,648562.31,,НДС с реализации
1593,2026-02-10,РН-26-0137,62,90.01,4184209.19,,Реализация металлоконструкций
1594,2026-02-10,РН-26-0138,90.03,68.02,754529.53,,НДС с реализации
1595,2026-02-03,РН-26-0139,62,90.01,2034863.11,,Реализация металлоконструкций
1596,2026-02-03,РН-26-0140,90.03,68.02,366942.53,,НДС с реализации
1597,2026-02-13,ТН-26-0014,20,10,2542678.85,Материалы,Списание металлопроката в производство
1598,2026-02-07,ТН-26-0015,20,10,1378788.54,Материалы,Списание металлопроката в производство
1599,2026-02-10,ТН-26-0016,20,10,2075048.59,Материалы,Списание металлопроката в производство
1600,2026-02-12,ТН-26-0017,20,10,3071077.20,Материалы,Списание металлопроката в производство
1601,2026-02-28,ТН-26-0018,20,10,3014634.28,Материалы,Списание металлопроката в производство
1602,2026-02-19,ТН-26-0019,20,10,1931079.69,Материалы,Списание металлопроката в производство
1603,2026-02-14,ТН-26-0020,20,10,1705954.68,Материалы,Списание металлопроката в производство
1604,2026-02-11,ТН-26-0021,20,10,3128189.50,Материалы,Списание металлопроката в производство
1605,2026-02-19,ТН-26-0022,20,10,3686315.38,Материалы,Списание металлопроката в производство
1606,2026-02-24,ТН-26-0023,20,10,3201319.05,Материалы,Списание металлопроката в производство
1607,2026-02-13,ТН-26-0024,20,10,3392253.89,Материалы,Списание металлопроката в производство
1608,2026-02-08,ТН-26-0025,20,10,2416934.82,Материалы,Списание металлопроката в производство
1609,2026-02-25,ТН-26-0026,20,10,3542789.96,Материалы,Списание металлопроката в производство
1610,2026-02-16,ТН-26-0027,20,10,3553028.43,Материалы,Списание металлопроката в производство
1611,2026-02-14,ТН-26-0028,20,10,1569428.07,Материалы,Списание металлопроката в производство
1612,2026-02-17,ТН-26-0029,20,10,1565945.12,Материалы,Списание металлопроката в производство
1613,2026-02-28,ЗП-26-0005,20,70,13997493.10,ФОТ,Начисление зарплаты: производственный персонал
1614,2026-02-28,ЗП-26-0006,20,69,4199247.93,Страховые взносы,Страховые взносы: производственный персонал
1615,2026-02-21,ПУ-26-0017,20,60,1377775.18,Энергия,Электроэнергия и газ
1616,2026-02-06,ПУ-26-0018,20,60,1416487.95,Энергия,Электроэнергия и газ
1617,2026-02-08,ПУ-26-0019,20,60,511050.55,Ремонты,Ремонт станочного оборудования
1618,2026-02-10,ПУ-26-0020,20,60,527706.43,Ремонты,Ремонт станочного оборудования
1619,2026-02-06,ПУ-26-0021,20,60,585240.68,Ремонты,Ремонт станочного оборудования
1620,2026-02-24,ПУ-26-0022,20,60,463933.56,Ремонты,Ремонт станочного оборудования
1621,2026-02-16,ПУ-26-0023,20,60,1421379.89,Прочие производственные,"Инструмент, расходники, услуги"
1622,2026-02-28,АМ-26-0003,20,02,3604000.00,Амортизация,Амортизация производственного оборудования
1623,2026-02-28,ЗП-26-0007,26,70,5564000.00,ФОТ,Начисление зарплаты: АУП
1624,2026-02-28,ЗП-26-0008,26,69,1669200.00,Страховые взносы,Страховые взносы: АУП
1625,2026-02-26,ПУ-26-0024,26,60,909500.00,Аренда,Аренда офиса
1626,2026-02-03,ПУ-26-0025,26,60,673841.51,Прочие управленческие,"Связь, ПО, консультации"
1627,2026-02-28,АМ-26-0004,26,02,250000.00,Амортизация,Амортизация офисного имущества
1628,2026-02-18,ПУ-26-0026,44,60,381245.40,Доставка,Доставка продукции заказчикам
1629,2026-02-25,ПУ-26-0027,44,60,241911.57,Доставка,Доставка продукции заказчикам
1630,2026-02-02,ПУ-26-0028,44,60,585269.30,Доставка,Доставка продукции заказчикам
1631,2026-02-28,ПУ-26-0029,44,60,651478.86,Доставка,Доставка продукции заказчикам
1632,2026-02-20,ПУ-26-0030,44,60,246957.90,Доставка,Доставка продукции заказчикам
1633,2026-02-23,ПУ-26-0031,44,60,292547.64,Доставка,Доставка продукции заказчикам
1634,2026-02-20,ПУ-26-0032,44,60,384954.79,Доставка,Доставка продукции заказчикам
1635,2026-02-15,ПУ-26-0033,44,60,556823.24,Доставка,Доставка продукции заказчикам
1636,2026-02-26,ПУ-26-0034,44,60,316152.33,Маркетинг,Выставки и реклама
1637,2026-02-16,ВБ-26-0002,51,91.01,127763.54,Проценты к получению,Проценты на остаток по счёту
1638,2026-02-28,ОП-26-0003,91.02,66,2100000.00,Проценты к уплате,Проценты по кредитной линии
1639,2026-02-15,ОП-26-0004,91.02,76,257405.35,Прочие расходы,Банковские комиссии и прочее
1640,2026-02-28,ЗМ-26-0007,90.02,20,69879781.32,,Закрытие счёта 20
1641,2026-02-28,ЗМ-26-0008,90.08,26,9066541.51,,Закрытие счёта 26
1642,2026-02-28,ЗМ-26-0009,90.07,44,3657341.03,,Закрытие счёта 44
1643,2026-02-28,ЗМ-26-0010,90.09,99,2020991.44,,Финансовый результат от продаж
1644,2026-02-28,ЗМ-26-0011,99,91.09,2229641.81,,Сальдо прочих доходов и расходов
1645,2026-02-28,ЗМ-26-0012,68.04,99,52162.59,Налог на прибыль,Налог на прибыль за месяц
1646,2026-03-16,РН-26-0141,62,90.01,2588470.72,,Реализация металлоконструкций
1647,2026-03-16,РН-26-0142,90.03,68.02,466773.41,,НДС с реализации
1648,2026-03-25,РН-26-0143,62,90.01,4157783.23,,Реализация металлоконструкций
1649,2026-03-25,РН-26-0144,90.03,68.02,749764.19,,НДС с реализации
1650,2026-03-29,РН-26-0145,62,90.01,4838917.99,,Реализация металлоконструкций
1651,2026-03-29,РН-26-0146,90.03,68.02,872591.77,,НДС с реализации
1652,2026-03-08,РН-26-0147,62,90.01,3452328.48,,Реализация металлоконструкций
1653,2026-03-08,РН-26-0148,90.03,68.02,622551.04,,НДС с реализации
1654,2026-03-23,РН-26-0149,62,90.01,5708837.81,,Реализация металлоконструкций
1655,2026-03-23,РН-26-0150,90.03,68.02,1029462.56,,НДС с реализации
1656,2026-03-25,РН-26-0151,62,90.01,5665405.52,,Реализация металлоконструкций
1657,2026-03-25,РН-26-0152,90.03,68.02,1021630.50,,НДС с реализации
1658,2026-03-13,РН-26-0153,62,90.01,2462233.95,,Реализация металлоконструкций
1659,2026-03-13,РН-26-0154,90.03,68.02,444009.40,,НДС с реализации
1660,2026-03-19,РН-26-0155,62,90.01,2620577.31,,Реализация металлоконструкций
1661,2026-03-19,РН-26-0156,90.03,68.02,472563.12,,НДС с реализации
1662,2026-03-06,РН-26-0157,62,90.01,6356975.80,,Реализация металлоконструкций
1663,2026-03-06,РН-26-0158,90.03,68.02,1146339.90,,НДС с реализации
1664,2026-03-02,РН-26-0159,62,90.01,6312217.93,,Реализация металлоконструкций
1665,2026-03-02,РН-26-0160,90.03,68.02,1138268.81,,НДС с реализации
1666,2026-03-04,РН-26-0161,62,90.01,4926065.21,,Реализация металлоконструкций
1667,2026-03-04,РН-26-0162,90.03,68.02,888306.84,,НДС с реализации
1668,2026-03-01,РН-26-0163,62,90.01,3535651.88,,Реализация металлоконструкций
1669,2026-03-01,РН-26-0164,90.03,68.02,637576.57,,НДС с реализации
1670,2026-03-26,РН-26-0165,62,90.01,5648289.03,,Реализация металлоконструкций
1671,2026-03-26,РН-26-0166,90.03,68.02,1018543.92,,НДС с реализации
1672,2026-03-06,РН-26-0167,62,90.01,2523373.21,,Реализация металлоконструкций
1673,2026-03-06,РН-26-0168,90.03,68.02,455034.51,,НДС с реализации
1674,2026-03-21,РН-26-0169,62,90.01,3124042.45,,Реализация металлоконструкций
1675,2026-03-21,РН-26-0170,90.03,68.02,563351.92,,НДС с реализации
1676,2026-03-04,РН-26-0171,62,90.01,3556031.05,,Реализация металлоконструкций
1677,2026-03-04,РН-26-0172,90.03,68.02,641251.50,,НДС с реализации
1678,2026-03-12,РН-26-0173,62,90.01,6181648.95,,Реализация металлоконструкций
1679,2026-03-12,РН-26-0174,90.03,68.02,1114723.58,,НДС с реализации
1680,2026-03-30,РН-26-0175,62,90.01,5891433.57,,Реализация металлоконструкций
1681,2026-03-30,РН-26-0176,90.03,68.02,1062389.66,,НДС с реализации
1682,2026-03-16,РН-26-0177,62,90.01,4928252.82,,Реализация металлоконструкций
1683,2026-03-16,РН-26-0178,90.03,68.02,888701.33,,НДС с реализации
1684,2026-03-19,РН-26-0179,62,90.01,2249610.59,,Реализация металлоконструкций
1685,2026-03-19,РН-26-0180,90.03,68.02,405667.48,,НДС с реализации
1686,2026-03-27,РН-26-0181,62,90.01,4573567.81,,Реализация металлоконструкций
1687,2026-03-27,РН-26-0182,90.03,68.02,824741.74,,НДС с реализации
1688,2026-03-04,РН-26-0183,62,90.01,5491387.35,,Реализация металлоконструкций
1689,2026-03-04,РН-26-0184,90.03,68.02,990250.18,,НДС с реализации
1690,2026-03-14,РН-26-0185,62,90.01,5471055.68,,Реализация металлоконструкций
1691,2026-03-14,РН-26-0186,90.03,68.02,986583.81,,НДС с реализации
1692,2026-03-17,РН-26-0187,62,90.01,2489384.09,,Реализация металлоконструкций
1693,2026-03-17,РН-26-0188,90.03,68.02,448905.33,,НДС с реализации
1694,2026-03-10,РН-26-0189,62,90.01,2861719.33,,Реализация металлоконструкций
1695,2026-03-10,РН-26-0190,90.03,68.02,516047.75,,НДС с реализации
1696,2026-03-08,РН-26-0191,62,90.01,3541604.03,,Реализация металлоконструкций
1697,2026-03-08,РН-26-0192,90.03,68.02,638649.91,,НДС с реализации
1698,2026-03-20,РН-26-0193,62,90.01,3887408.79,,Реализация металлоконструкций
1699,2026-03-20,РН-26-0194,90.03,68.02,701008.14,,НДС с реализации
1700,2026-03-21,РН-26-0195,62,90.01,4611854.76,,Реализация металлоконструкций
1701,2026-03-21,РН-26-0196,90.03,68.02,831645.94,,НДС с реализации
1702,2026-03-21,ТН-26-0030,20,10,2113835.28,Материалы,Списание металлопроката в производство
1703,2026-03-21,ТН-26-0031,20,10,2073151.63,Материалы,Списание металлопроката в производство
1704,2026-03-05,ТН-26-0032,20,10,5004940.49,Материалы,Списание металлопроката в производство
1705,2026-03-24,ТН-26-0033,20,10,3058156.19,Материалы,Списание металлопроката в производство
1706,2026-03-08,ТН-26-0034,20,10,4358380.27,Материалы,Списание металлопроката в производство
1707,2026-03-30,ТН-26-0035,20,10,3067888.15,Материалы,Списание металлопроката в производство
1708,2026-03-05,ТН-26-0036,20,10,3911344.47,Материалы,Списание металлопроката в производство
1709,2026-03-29,ТН-26-0037,20,10,4638724.60,Материалы,Списание металлопроката в производство
1710,2026-03-08,ТН-26-0038,20,10,2737710.17,Материалы,Списание металлопроката в производство
1711,2026-03-08,ТН-26-0039,20,10,1836885.91,Материалы,Списание металлопроката в производство
1712,2026-03-17,ТН-26-0040,20,10,3792781.42,Материалы,Списание металлопроката в производство
1713,2026-03-18,ТН-26-0041,20,10,3831412.49,Материалы,Списание металлопроката в производство
1714,2026-03-28,ТН-26-0042,20,10,3588000.76,Материалы,Списание металлопроката в производство
1715,2026-03-22,ТН-26-0043,20,10,1793676.90,Материалы,Списание металлопроката в производство
1716,2026-03-12,ТН-26-0044,20,10,2972370.44,Материалы,Списание металлопроката в производство
1717,2026-03-31,ЗП-26-0009,20,70,14266575.89,ФОТ,Начисление зарплаты: производственный персонал
1718,2026-03-31,ЗП-26-0010,20,69,4279972.77,Страховые взносы,Страховые взносы: производственный персонал
1719,2026-03-17,ПУ-26-0035,20,60,1794796.40,Энергия,Электроэнергия и газ
1720,2026-03-09,ПУ-26-0036,20,60,1312544.30,Энергия,Электроэнергия и газ
1721,2026-03-11,ПУ-26-0037,20,60,616242.13,Ремонты,Ремонт станочного оборудования
1722,2026-03-16,ПУ-26-0038,20,60,561092.41,Ремонты,Ремонт станочного оборудования
1723,2026-03-11,ПУ-26-0039,20,60,552377.97,Ремонты,Ремонт станочного оборудования
1724,2026-03-13,ПУ-26-0040,20,60,262938.38,Ремонты,Ремонт станочного оборудования
1725,2026-03-11,ПУ-26-0041,20,60,676036.82,Ремонты,Ремонт станочного оборудования
1726,2026-03-21,ПУ-26-0042,20,60,1519199.90,Прочие производственные,"Инструмент, расходники, услуги"
1727,2026-03-31,АМ-26-0005,20,02,3604000.00,Амортизация,Амортизация производственного оборудования
1728,2026-03-31,ЗП-26-0011,26,70,5564000.00,ФОТ,Начисление зарплаты: АУП
1729,2026-03-31,ЗП-26-0012,26,69,1669200.00,Страховые взносы,Страховые взносы: АУП
1730,2026-03-21,ПУ-26-0043,26,60,909500.00,Аренда,Аренда офиса
1731,2026-03-02,ПУ-26-0044,26,60,666421.09,Прочие управленческие,"Связь, ПО, консультации"
1732,2026-03-31,АМ-26-0006,26,02,250000.00,Амортизация,Амортизация офисного имущества
1733,2026-03-09,ПУ-26-0045,44,60,327546.72,Доставка,Доставка продукции заказчикам
1734,2026-03-27,ПУ-26-0046,44,60,637041.59,Доставка,Доставка продукции заказчикам
1735,2026-03-07,ПУ-26-0047,44,60,314186.59,Доставка,Доставка продукции заказчикам
1736,2026-03-29,ПУ-26-0048,44,60,287704.29,Доставка,Доставка продукции заказчикам
1737,2026-03-28,ПУ-26-0049,44,60,345136.50,Доставка,Доставка продукции заказчикам
1738,2026-03-08,ПУ-26-0050,44,60,295107.55,Доставка,Доставка продукции заказчикам
1739,2026-03-11,ПУ-26-0051,44,60,617849.22,Доставка,Доставка продукции заказчикам
1740,2026-03-02,ПУ-26-0052,44,60,718966.16,Доставка,Доставка продукции заказчикам
1741,2026-03-21,ПУ-26-0053,44,60,373045.20,Маркетинг,Выставки и реклама
1742,2026-03-08,ВБ-26-0003,51,91.01,133320.69,Проценты к получению,Проценты на остаток по счёту
1743,2026-03-31,ОП-26-0005,91.02,66,2100000.00,Проценты к уплате,Проценты по кредитной линии
1744,2026-03-20,ОП-26-0006,91.02,76,238375.55,Прочие расходы,Банковские комиссии и прочее
1745,2026-03-31,ЗМ-26-0013,90.02,20,78225036.14,,Закрытие счёта 20
1746,2026-03-31,ЗМ-26-0014,90.08,26,9059121.09,,Закрытие счёта 26
1747,2026-03-31,ЗМ-26-0015,90.07,44,3916583.82,,Закрытие счёта 44
1748,2026-03-31,ЗМ-26-0016,90.09,99,6878053.48,,Финансовый результат от продаж
1749,2026-03-31,ЗМ-26-0017,99,91.09,2205054.86,,Сальдо прочих доходов и расходов
1750,2026-03-31,ЗМ-26-0018,99,68.04,1168249.66,Налог на прибыль,Налог на прибыль за месяц
1751,2026-04-22,РН-26-0197,62,90.01,5021327.07,,Реализация металлоконструкций
1752,2026-04-22,РН-26-0198,90.03,68.02,905485.21,,НДС с реализации
1753,2026-04-27,РН-26-0199,62,90.01,4609705.82,,Реализация металлоконструкций
1754,2026-04-27,РН-26-0200,90.03,68.02,831258.43,,НДС с реализации
1755,2026-04-05,РН-26-0201,62,90.01,3048221.22,,Реализация металлоконструкций
1756,2026-04-05,РН-26-0202,90.03,68.02,549679.24,,НДС с реализации
1757,2026-04-04,РН-26-0203,62,90.01,3490758.21,,Реализация металлоконструкций
1758,2026-04-04,РН-26-0204,90.03,68.02,629480.99,,НДС с реализации
1759,2026-04-26,РН-26-0205,62,90.01,1744782.16,,Реализация металлоконструкций
1760,2026-04-26,РН-26-0206,90.03,68.02,314632.85,,НДС с реализации
1761,2026-04-10,РН-26-0207,62,90.01,2006241.80,,Реализация металлоконструкций
1762,2026-04-10,РН-26-0208,90.03,68.02,361781.31,,НДС с реализации
1763,2026-04-19,РН-26-0209,62,90.01,5013442.51,,Реализация металлоконструкций
1764,2026-04-19,РН-26-0210,90.03,68.02,904063.40,,НДС с реализации
1765,2026-04-22,РН-26-0211,62,90.01,4248557.93,,Реализация металлоконструкций
1766,2026-04-22,РН-26-0212,90.03,68.02,766133.40,,НДС с реализации
1767,2026-04-15,РН-26-0213,62,90.01,4853952.95,,Реализация металлоконструкций
1768,2026-04-15,РН-26-0214,90.03,68.02,875302.99,,НДС с реализации
1769,2026-04-24,РН-26-0215,62,90.01,4109820.80,,Реализация металлоконструкций
1770,2026-04-24,РН-26-0216,90.03,68.02,741115.23,,НДС с реализации
1771,2026-04-17,РН-26-0217,62,90.01,4800773.02,,Реализация металлоконструкций
1772,2026-04-17,РН-26-0218,90.03,68.02,865713.17,,НДС с реализации
1773,2026-04-05,РН-26-0219,62,90.01,3525563.12,,Реализация металлоконструкций
1774,2026-04-05,РН-26-0220,90.03,68.02,635757.28,,НДС с реализации
1775,2026-04-14,РН-26-0221,62,90.01,2914958.66,,Реализация металлоконструкций
1776,2026-04-14,РН-26-0222,90.03,68.02,525648.28,,НДС с реализации
1777,2026-04-05,РН-26-0223,62,90.01,4156174.89,,Реализация металлоконструкций
1778,2026-04-05,РН-26-0224,90.03,68.02,749474.16,,НДС с реализации
1779,2026-04-26,РН-26-0225,62,90.01,3878907.77,,Реализация металлоконструкций
1780,2026-04-26,РН-26-0226,90.03,68.02,699475.17,,НДС с реализации
1781,2026-04-14,РН-26-0227,62,90.01,2882161.50,,Реализация металлоконструкций
1782,2026-04-14,РН-26-0228,90.03,68.02,519734.04,,НДС с реализации
1783,2026-04-09,РН-26-0229,62,90.01,1859540.60,,Реализация металлоконструкций
1784,2026-04-09,РН-26-0230,90.03,68.02,335326.99,,НДС с реализации
1785,2026-04-02,РН-26-0231,62,90.01,4226531.85,,Реализация металлоконструкций
1786,2026-04-02,РН-26-0232,90.03,68.02,762161.48,,НДС с реализации
1787,2026-04-29,РН-26-0233,62,90.01,3455624.90,,Реализация металлоконструкций
1788,2026-04-29,РН-26-0234,90.03,68.02,623145.47,,НДС с реализации
1789,2026-04-17,РН-26-0235,62,90.01,2514844.85,,Реализация металлоконструкций
1790,2026-04-17,РН-26-0236,90.03,68.02,453496.61,,НДС с реализации
1791,2026-04-15,РН-26-0237,62,90.01,3370863.15,,Реализация металлоконструкций
1792,2026-04-15,РН-26-0238,90.03,68.02,607860.57,,НДС с реализации
1793,2026-04-13,РН-26-0239,62,90.01,1978981.01,,Реализация металлоконструкций
1794,2026-04-13,РН-26-0240,90.03,68.02,356865.43,,НДС с реализации
1795,2026-04-22,РН-26-0241,62,90.01,3570869.09,,Реализация металлоконструкций
1796,2026-04-22,РН-26-0242,90.03,68.02,643927.21,,НДС с реализации
1797,2026-04-23,РН-26-0243,62,90.01,3347163.73,,Реализация металлоконструкций
1798,2026-04-23,РН-26-0244,90.03,68.02,603586.90,,НДС с реализации
1799,2026-04-09,РН-26-0245,62,90.01,3424042.70,,Реализация металлоконструкций
1800,2026-04-09,РН-26-0246,90.03,68.02,617450.32,,НДС с реализации
1801,2026-04-04,РН-26-0247,62,90.01,2573874.99,,Реализация металлоконструкций
1802,2026-04-04,РН-26-0248,90.03,68.02,464141.39,,НДС с реализации
1803,2026-04-01,РН-26-0249,62,90.01,2983370.49,,Реализация металлоконструкций
1804,2026-04-01,РН-26-0250,90.03,68.02,537984.84,,НДС с реализации
1805,2026-04-01,РН-26-0251,62,90.01,3442035.19,,Реализация металлоконструкций
1806,2026-04-01,РН-26-0252,90.03,68.02,620694.87,,НДС с реализации
1807,2026-04-27,РН-26-0253,62,90.01,2246923.13,,Реализация металлоконструкций
1808,2026-04-27,РН-26-0254,90.03,68.02,405182.86,,НДС с реализации
1809,2026-04-05,РН-26-0255,62,90.01,2570825.08,,Реализация металлоконструкций
1810,2026-04-05,РН-26-0256,90.03,68.02,463591.41,,НДС с реализации
1811,2026-04-27,РН-26-0257,62,90.01,4724937.61,,Реализация металлоконструкций
1812,2026-04-27,РН-26-0258,90.03,68.02,852037.93,,НДС с реализации
1813,2026-04-12,РН-26-0259,62,90.01,2141319.55,,Реализация металлоконструкций
1814,2026-04-12,РН-26-0260,90.03,68.02,386139.59,,НДС с реализации
1815,2026-04-07,РН-26-0261,62,90.01,4508090.84,,Реализация металлоконструкций
1816,2026-04-07,РН-26-0262,90.03,68.02,812934.41,,НДС с реализации
1817,2026-04-14,РН-26-0263,62,90.01,1725255.56,,Реализация металлоконструкций
1818,2026-04-14,РН-26-0264,90.03,68.02,311111.66,,НДС с реализации
1819,2026-04-08,РН-26-0265,62,90.01,4633694.65,,Реализация металлоконструкций
1820,2026-04-08,РН-26-0266,90.03,68.02,835584.28,,НДС с реализации
1821,2026-04-21,РН-26-0267,62,90.01,2980546.69,,Реализация металлоконструкций
1822,2026-04-21,РН-26-0268,90.03,68.02,537475.63,,НДС с реализации
1823,2026-04-20,РН-26-0269,62,90.01,5115171.02,,Реализация металлоконструкций
1824,2026-04-20,РН-26-0270,90.03,68.02,922407.89,,НДС с реализации
1825,2026-04-06,ТН-26-0045,20,10,4289282.83,Материалы,Списание металлопроката в производство
1826,2026-04-20,ТН-26-0046,20,10,4228348.90,Материалы,Списание металлопроката в производство
1827,2026-04-02,ТН-26-0047,20,10,2259732.70,Материалы,Списание металлопроката в производство
1828,2026-04-22,ТН-26-0048,20,10,4091420.18,Материалы,Списание металлопроката в производство
1829,2026-04-29,ТН-26-0049,20,10,2431337.01,Материалы,Списание металлопроката в производство
1830,2026-04-29,ТН-26-0050,20,10,5367971.01,Материалы,Списание металлопроката в производство
1831,2026-04-16,ТН-26-0051,20,10,2497672.82,Материалы,Списание металлопроката в производство
1832,2026-04-01,ТН-26-0052,20,10,5400874.51,Материалы,Списание металлопроката в производство
1833,2026-04-26,ТН-26-0053,20,10,2003622.88,Материалы,Списание металлопроката в производство
1834,2026-04-24,ТН-26-0054,20,10,2685857.55,Материалы,Списание металлопроката в производство
1835,2026-04-19,ТН-26-0055,20,10,2543753.92,Материалы,Списание металлопроката в производство
1836,2026-04-15,ТН-26-0056,20,10,4111372.57,Материалы,Списание металлопроката в производство
1837,2026-04-14,ТН-26-0057,20,10,2302025.29,Материалы,Списание металлопроката в производство
1838,2026-04-01,ТН-26-0058,20,10,5047123.88,Материалы,Списание металлопроката в производство
1839,2026-04-12,ТН-26-0059,20,10,3663398.89,Материалы,Списание металлопроката в производство
1840,2026-04-30,ЗП-26-0013,20,70,14398440.26,ФОТ,Начисление зарплаты: производственный персонал
1841,2026-04-30,ЗП-26-0014,20,69,4319532.08,Страховые взносы,Страховые взносы: производственный персонал
1842,2026-04-05,ПУ-26-0054,20,60,2123939.24,Энергия,Электроэнергия и газ
1843,2026-04-18,ПУ-26-0055,20,60,1207399.34,Энергия,Электроэнергия и газ
1844,2026-04-06,ПУ-26-0056,20,60,372453.96,Ремонты,Ремонт станочного оборудования
1845,2026-04-23,ПУ-26-0057,20,60,289111.52,Ремонты,Ремонт станочного оборудования
1846,2026-04-19,ПУ-26-0058,20,60,292027.35,Ремонты,Ремонт станочного оборудования
1847,2026-04-13,ПУ-26-0059,20,60,632803.53,Ремонты,Ремонт станочного оборудования
1848,2026-04-12,ПУ-26-0060,20,60,582068.53,Ремонты,Ремонт станочного оборудования
1849,2026-04-22,ПУ-26-0061,20,60,562726.25,Ремонты,Ремонт станочного оборудования
1850,2026-04-23,ПУ-26-0062,20,60,1481560.51,Прочие производственные,"Инструмент, расходники, услуги"
1851,2026-04-30,АМ-26-0007,20,02,3604000.00,Амортизация,Амортизация производственного оборудования
1852,2026-04-30,ЗП-26-0015,26,70,5564000.00,ФОТ,Начисление зарплаты: АУП
1853,2026-04-30,ЗП-26-0016,26,69,1669200.00,Страховые взносы,Страховые взносы: АУП
1854,2026-04-07,ПУ-26-0063,26,60,909500.00,Аренда,Аренда офиса
1855,2026-04-11,ПУ-26-0064,26,60,630354.60,Прочие управленческие,"Связь, ПО, консультации"
1856,2026-04-30,АМ-26-0008,26,02,250000.00,Амортизация,Амортизация офисного имущества
1857,2026-04-05,ПУ-26-0065,44,60,1040785.47,Доставка,Доставка продукции заказчикам
1858,2026-04-05,ПУ-26-0066,44,60,1133540.55,Доставка,Доставка продукции заказчикам
1859,2026-04-14,ПУ-26-0067,44,60,857202.34,Доставка,Доставка продукции заказчикам
1860,2026-04-09,ПУ-26-0068,44,60,781825.74,Доставка,Доставка продукции заказчикам
1861,2026-04-04,ПУ-26-0069,44,60,415635.64,Маркетинг,Выставки и реклама
1862,2026-04-09,ВБ-26-0004,51,91.01,123079.48,Проценты к получению,Проценты на остаток по счёту
1863,2026-04-30,ОП-26-0007,91.02,66,2100000.00,Проценты к уплате,Проценты по кредитной линии
1864,2026-04-15,ОП-26-0008,91.02,76,220273.95,Прочие расходы,Банковские комиссии и прочее
1865,2026-04-12,ОП-26-0009,76,91.01,394463.42,Прочие доходы,"Продажа отходов, штрафы к получению"
1866,2026-04-30,ЗМ-26-0019,90.02,20,82789857.51,,Закрытие счёта 20
1867,2026-04-30,ЗМ-26-0020,90.08,26,9023054.60,,Закрытие счёта 26
1868,2026-04-30,ЗМ-26-0021,90.07,44,4228989.74,,Закрытие счёта 44
1869,2026-04-30,ЗМ-26-0022,90.09,99,8630111.37,,Финансовый результат от продаж
1870,2026-04-30,ЗМ-26-0023,99,91.09,1802731.05,,Сальдо прочих доходов и расходов
1871,2026-04-30,ЗМ-26-0024,99,68.04,1706845.08,Налог на прибыль,Налог на прибыль за месяц
1872,2026-05-04,РН-26-0271,62,90.01,5162888.54,,Реализация металлоконструкций
1873,2026-05-04,РН-26-0272,90.03,68.02,931012.69,,НДС с реализации
1874,2026-05-24,РН-26-0273,62,90.01,3799349.25,,Реализация металлоконструкций
1875,2026-05-24,РН-26-0274,90.03,68.02,685128.55,,НДС с реализации
1876,2026-05-22,РН-26-0275,62,90.01,6083595.10,,Реализация металлоконструкций
1877,2026-05-22,РН-26-0276,90.03,68.02,1097041.74,,НДС с реализации
1878,2026-05-30,РН-26-0277,62,90.01,6610781.17,,Реализация металлоконструкций
1879,2026-05-30,РН-26-0278,90.03,68.02,1192108.08,,НДС с реализации
1880,2026-05-28,РН-26-0279,62,90.01,6795037.04,,Реализация металлоконструкций
1881,2026-05-28,РН-26-0280,90.03,68.02,1225334.55,,НДС с реализации
1882,2026-05-17,РН-26-0281,62,90.01,2957355.95,,Реализация металлоконструкций
1883,2026-05-17,РН-26-0282,90.03,68.02,533293.70,,НДС с реализации
1884,2026-05-11,РН-26-0283,62,90.01,3947759.30,,Реализация металлоконструкций
1885,2026-05-11,РН-26-0284,90.03,68.02,711891.02,,НДС с реализации
1886,2026-05-21,РН-26-0285,62,90.01,5230924.15,,Реализация металлоконструкций
1887,2026-05-21,РН-26-0286,90.03,68.02,943281.40,,НДС с реализации
1888,2026-05-21,РН-26-0287,62,90.01,5563800.80,,Реализация металлоконструкций
1889,2026-05-21,РН-26-0288,90.03,68.02,1003308.34,,НДС с реализации
1890,2026-05-04,РН-26-0289,62,90.01,3077048.71,,Реализация металлоконструкций
1891,2026-05-04,РН-26-0290,90.03,68.02,554877.64,,НДС с реализации
1892,2026-05-24,РН-26-0291,62,90.01,6807175.84,,Реализация металлоконструкций
1893,2026-05-24,РН-26-0292,90.03,68.02,1227523.51,,НДС с реализации
1894,2026-05-06,РН-26-0293,62,90.01,6731783.54,,Реализация металлоконструкций
1895,2026-05-06,РН-26-0294,90.03,68.02,1213928.18,,НДС с реализации
1896,2026-05-01,РН-26-0295,62,90.01,5100034.95,,Реализация металлоконструкций
1897,2026-05-01,РН-26-0296,90.03,68.02,919678.43,,НДС с реализации
1898,2026-05-22,РН-26-0297,62,90.01,4761720.54,,Реализация металлоконструкций
1899,2026-05-22,РН-26-0298,90.03,68.02,858670.92,,НДС с реализации
1900,2026-05-01,РН-26-0299,62,90.01,6403599.48,,Реализация металлоконструкций
1901,2026-05-01,РН-26-0300,90.03,68.02,1154747.45,,НДС с реализации
1902,2026-05-23,РН-26-0301,62,90.01,3954923.97,,Реализация металлоконструкций
1903,2026-05-23,РН-26-0302,90.03,68.02,713183.01,,НДС с реализации
1904,2026-05-14,РН-26-0303,62,90.01,3049768.41,,Реализация металлоконструкций
1905,2026-05-14,РН-26-0304,90.03,68.02,549958.24,,НДС с реализации
1906,2026-05-19,РН-26-0305,62,90.01,4076922.17,,Реализация металлоконструкций
1907,2026-05-19,РН-26-0306,90.03,68.02,735182.69,,НДС с реализации
1908,2026-05-31,РН-26-0307,62,90.01,3166327.65,,Реализация металлоконструкций
1909,2026-05-31,РН-26-0308,90.03,68.02,570977.12,,НДС с реализации
1910,2026-05-28,РН-26-0309,62,90.01,7006216.21,,Реализация металлоконструкций
1911,2026-05-28,РН-26-0310,90.03,68.02,1263416.04,,НДС с реализации
1912,2026-05-29,РН-26-0311,62,90.01,2615540.85,,Реализация металлоконструкций
1913,2026-05-29,РН-26-0312,90.03,68.02,471654.91,,НДС с реализации
1914,2026-05-02,РН-26-0313,62,90.01,2673290.25,,Реализация металлоконструкций
1915,2026-05-02,РН-26-0314,90.03,68.02,482068.73,,НДС с реализации
1916,2026-05-04,РН-26-0315,62,90.01,6575505.58,,Реализация металлоконструкций
1917,2026-05-04,РН-26-0316,90.03,68.02,1185746.91,,НДС с реализации
1918,2026-05-25,РН-26-0317,62,90.01,3982144.44,,Реализация металлоконструкций
1919,2026-05-25,РН-26-0318,90.03,68.02,718091.62,,НДС с реализации
1920,2026-05-28,РН-26-0319,62,90.01,5779408.02,,Реализация металлоконструкций
1921,2026-05-28,РН-26-0320,90.03,68.02,1042188.33,,НДС с реализации
1922,2026-05-04,РН-26-0321,62,90.01,3047353.55,,Реализация металлоконструкций
1923,2026-05-04,РН-26-0322,90.03,68.02,549522.77,,НДС с реализации
1924,2026-05-20,РН-26-0323,62,90.01,3450736.83,,Реализация металлоконструкций
1925,2026-05-20,РН-26-0324,90.03,68.02,622264.02,,НДС с реализации
1926,2026-05-06,РН-26-0325,62,90.01,4248448.18,,Реализация металлоконструкций
1927,2026-05-06,РН-26-0326,90.03,68.02,766113.61,,НДС с реализации
1928,2026-05-08,РН-26-0327,62,90.01,5400191.41,,Реализация металлоконструкций
1929,2026-05-08,РН-26-0328,90.03,68.02,973805.01,,НДС с реализации
1930,2026-05-30,ТН-26-0060,20,10,5549791.66,Материалы,Списание металлопроката в производство
1931,2026-05-08,ТН-26-0061,20,10,2570037.03,Материалы,Списание металлопроката в производство
1932,2026-05-26,ТН-26-0062,20,10,5028005.91,Материалы,Списание металлопроката в производство
1933,2026-05-14,ТН-26-0063,20,10,3591044.36,Материалы,Списание металлопроката в производство
1934,2026-05-12,ТН-26-0064,20,10,5150365.64,Материалы,Списание металлопроката в производство
1935,2026-05-26,ТН-26-0065,20,10,4726904.65,Материалы,Списание металлопроката в производство
1936,2026-05-07,ТН-26-0066,20,10,4483986.13,Материалы,Списание металлопроката в производство
1937,2026-05-09,ТН-26-0067,20,10,5907245.14,Материалы,Списание металлопроката в производство
1938,2026-05-11,ТН-26-0068,20,10,2802579.19,Материалы,Списание металлопроката в производство
1939,2026-05-25,ТН-26-0069,20,10,5495390.00,Материалы,Списание металлопроката в производство
1940,2026-05-21,ТН-26-0070,20,10,3665733.44,Материалы,Списание металлопроката в производство
1941,2026-05-16,ТН-26-0071,20,10,5079951.75,Материалы,Списание металлопроката в производство
1942,2026-05-21,ТН-26-0072,20,10,2441585.85,Материалы,Списание металлопроката в производство
1943,2026-05-31,ЗП-26-0017,20,70,14568272.65,ФОТ,Начисление зарплаты: производственный персонал
1944,2026-05-31,ЗП-26-0018,20,69,4370481.80,Страховые взносы,Страховые взносы: производственный персонал
1945,2026-05-07,ПУ-26-0070,20,60,2209803.68,Энергия,Электроэнергия и газ
1946,2026-05-11,ПУ-26-0071,20,60,1447958.90,Энергия,Электроэнергия и газ
1947,2026-05-18,ПУ-26-0072,20,60,813606.82,Ремонты,Ремонт станочного оборудования
1948,2026-05-17,ПУ-26-0073,20,60,1288267.61,Ремонты,Ремонт станочного оборудования
1949,2026-05-10,ПУ-26-0074,20,60,1494716.60,Ремонты,Ремонт станочного оборудования
1950,2026-05-04,ПУ-26-0075,20,60,1449359.02,Прочие производственные,"Инструмент, расходники, услуги"
1951,2026-05-31,АМ-26-0009,20,02,3604000.00,Амортизация,Амортизация производственного оборудования
1952,2026-05-31,ЗП-26-0019,26,70,5564000.00,ФОТ,Начисление зарплаты: АУП
1953,2026-05-31,ЗП-26-0020,26,69,1669200.00,Страховые взносы,Страховые взносы: АУП
1954,2026-05-31,ПУ-26-0076,26,60,909500.00,Аренда,Аренда офиса
1955,2026-05-25,ПУ-26-0077,26,60,609360.66,Прочие управленческие,"Связь, ПО, консультации"
1956,2026-05-31,АМ-26-0010,26,02,250000.00,Амортизация,Амортизация офисного имущества
1957,2026-05-11,ПУ-26-0078,44,60,828279.26,Доставка,Доставка продукции заказчикам
1958,2026-05-30,ПУ-26-0079,44,60,292985.15,Доставка,Доставка продукции заказчикам
1959,2026-05-27,ПУ-26-0080,44,60,664909.14,Доставка,Доставка продукции заказчикам
1960,2026-05-02,ПУ-26-0081,44,60,501707.40,Доставка,Доставка продукции заказчикам
1961,2026-05-07,ПУ-26-0082,44,60,782047.80,Доставка,Доставка продукции заказчикам
1962,2026-05-13,ПУ-26-0083,44,60,597170.47,Доставка,Доставка продукции заказчикам
1963,2026-05-19,ПУ-26-0084,44,60,775523.18,Доставка,Доставка продукции заказчикам
1964,2026-05-04,ПУ-26-0085,44,60,400202.19,Маркетинг,Выставки и реклама
1965,2026-05-10,ВБ-26-0005,51,91.01,163854.70,Проценты к получению,Проценты на остаток по счёту
1966,2026-05-31,ОП-26-0010,91.02,66,2100000.00,Проценты к уплате,Проценты по кредитной линии
1967,2026-05-03,ОП-26-0011,91.02,76,271504.87,Прочие расходы,Банковские комиссии и прочее
1968,2026-05-31,ОП-26-0012,91.02,10,4200000.00,Списание запасов,Списание неликвидного металлопроката по итогам инвентаризации
1969,2026-05-31,ЗМ-26-0025,90.02,20,87739087.83,,Закрытие счёта 20
1970,2026-05-31,ЗМ-26-0026,90.08,26,9002060.66,,Закрытие счёта 26
1971,2026-05-31,ЗМ-26-0027,90.07,44,4842824.59,,Закрытие счёта 44
1972,2026-05-31,ЗМ-26-0028,90.09,99,11579659.59,,Финансовый результат от продаж
1973,2026-05-31,ЗМ-26-0029,99,91.09,6407650.17,,Сальдо прочих доходов и расходов
1974,2026-05-31,ЗМ-26-0030,99,68.04,1293002.36,Налог на прибыль,Налог на прибыль за месяц
1975,2026-06-01,РН-26-0329,62,90.01,4719731.81,,Реализация металлоконструкций
1976,2026-06-01,РН-26-0330,90.03,68.02,851099.18,,НДС с реализации
1977,2026-06-10,РН-26-0331,62,90.01,4582650.93,,Реализация металлоконструкций
1978,2026-06-10,РН-26-0332,90.03,68.02,826379.68,,НДС с реализации
1979,2026-06-02,РН-26-0333,62,90.01,3534999.92,,Реализация металлоконструкций
1980,2026-06-02,РН-26-0334,90.03,68.02,637459.00,,НДС с реализации
1981,2026-06-15,РН-26-0335,62,90.01,6081474.14,,Реализация металлоконструкций
1982,2026-06-15,РН-26-0336,90.03,68.02,1096659.27,,НДС с реализации
1983,2026-06-11,РН-26-0337,62,90.01,3554910.58,,Реализация металлоконструкций
1984,2026-06-11,РН-26-0338,90.03,68.02,641049.45,,НДС с реализации
1985,2026-06-07,РН-26-0339,62,90.01,4540549.65,,Реализация металлоконструкций
1986,2026-06-07,РН-26-0340,90.03,68.02,818787.64,,НДС с реализации
1987,2026-06-17,РН-26-0341,62,90.01,3084919.88,,Реализация металлоконструкций
1988,2026-06-17,РН-26-0342,90.03,68.02,556297.03,,НДС с реализации
1989,2026-06-22,РН-26-0343,62,90.01,5458071.29,,Реализация металлоконструкций
1990,2026-06-22,РН-26-0344,90.03,68.02,984242.36,,НДС с реализации
1991,2026-06-10,РН-26-0345,62,90.01,6343010.75,,Реализация металлоконструкций
1992,2026-06-10,РН-26-0346,90.03,68.02,1143821.61,,НДС с реализации
1993,2026-06-12,РН-26-0347,62,90.01,7788000.92,,Реализация металлоконструкций
1994,2026-06-12,РН-26-0348,90.03,68.02,1404393.61,,НДС с реализации
1995,2026-06-26,РН-26-0349,62,90.01,4678817.62,,Реализация металлоконструкций
1996,2026-06-26,РН-26-0350,90.03,68.02,843721.21,,НДС с реализации
1997,2026-06-01,РН-26-0351,62,90.01,7670123.48,,Реализация металлоконструкций
1998,2026-06-01,РН-26-0352,90.03,68.02,1383137.02,,НДС с реализации
1999,2026-06-09,РН-26-0353,62,90.01,3060272.39,,Реализация металлоконструкций
2000,2026-06-09,РН-26-0354,90.03,68.02,551852.40,,НДС с реализации
2001,2026-06-03,РН-26-0355,62,90.01,6826081.58,,Реализация металлоконструкций
2002,2026-06-03,РН-26-0356,90.03,68.02,1230932.74,,НДС с реализации
2003,2026-06-25,РН-26-0357,62,90.01,7328219.69,,Реализация металлоконструкций
2004,2026-06-25,РН-26-0358,90.03,68.02,1321482.24,,НДС с реализации
2005,2026-06-02,РН-26-0359,62,90.01,2967547.72,,Реализация металлоконструкций
2006,2026-06-02,РН-26-0360,90.03,68.02,535131.56,,НДС с реализации
2007,2026-06-11,РН-26-0361,62,90.01,5312431.61,,Реализация металлоконструкций
2008,2026-06-11,РН-26-0362,90.03,68.02,957979.47,,НДС с реализации
2009,2026-06-02,РН-26-0363,62,90.01,7655730.58,,Реализация металлоконструкций
2010,2026-06-02,РН-26-0364,90.03,68.02,1380541.58,,НДС с реализации
2011,2026-06-30,РН-26-0365,62,90.01,3104533.55,,Реализация металлоконструкций
2012,2026-06-30,РН-26-0366,90.03,68.02,559833.92,,НДС с реализации
2013,2026-06-01,РН-26-0367,62,90.01,3594606.72,,Реализация металлоконструкций
2014,2026-06-01,РН-26-0368,90.03,68.02,648207.77,,НДС с реализации
2015,2026-06-10,РН-26-0369,62,90.01,5481990.94,,Реализация металлоконструкций
2016,2026-06-10,РН-26-0370,90.03,68.02,988555.74,,НДС с реализации
2017,2026-06-08,РН-26-0371,62,90.01,4445947.86,,Реализация металлоконструкций
2018,2026-06-08,РН-26-0372,90.03,68.02,801728.30,,НДС с реализации
2019,2026-06-15,РН-26-0373,62,90.01,6702137.71,,Реализация металлоконструкций
2020,2026-06-15,РН-26-0374,90.03,68.02,1208582.21,,НДС с реализации
2021,2026-06-22,РН-26-0375,62,90.01,5790330.91,,Реализация металлоконструкций
2022,2026-06-22,РН-26-0376,90.03,68.02,1044158.03,,НДС с реализации
2023,2026-06-22,РН-26-0377,62,90.01,5113199.11,,Реализация металлоконструкций
2024,2026-06-22,РН-26-0378,90.03,68.02,922052.30,,НДС с реализации
2025,2026-06-07,РН-26-0379,62,90.01,5638090.22,,Реализация металлоконструкций
2026,2026-06-07,РН-26-0380,90.03,68.02,1016704.79,,НДС с реализации
2027,2026-06-28,РН-26-0381,62,90.01,4226733.74,,Реализация металлоконструкций
2028,2026-06-28,РН-26-0382,90.03,68.02,762197.89,,НДС с реализации
2029,2026-06-23,РН-26-0383,62,90.01,3781897.98,,Реализация металлоконструкций
2030,2026-06-23,РН-26-0384,90.03,68.02,681981.60,,НДС с реализации
2031,2026-06-15,ТН-26-0073,20,10,3337169.53,Материалы,Списание металлопроката в производство
2032,2026-06-10,ТН-26-0074,20,10,2331637.21,Материалы,Списание металлопроката в производство
2033,2026-06-11,ТН-26-0075,20,10,5129863.94,Материалы,Списание металлопроката в производство
2034,2026-06-28,ТН-26-0076,20,10,3445140.67,Материалы,Списание металлопроката в производство
2035,2026-06-01,ТН-26-0077,20,10,6054511.70,Материалы,Списание металлопроката в производство
2036,2026-06-21,ТН-26-0078,20,10,4800536.75,Материалы,Списание металлопроката в производство
2037,2026-06-03,ТН-26-0079,20,10,3075824.51,Материалы,Списание металлопроката в производство
2038,2026-06-03,ТН-26-0080,20,10,4864989.33,Материалы,Списание металлопроката в производство
2039,2026-06-23,ТН-26-0081,20,10,5413391.71,Материалы,Списание металлопроката в производство
2040,2026-06-18,ТН-26-0082,20,10,3056661.25,Материалы,Списание металлопроката в производство
2041,2026-06-12,ТН-26-0083,20,10,5685746.10,Материалы,Списание металлопроката в производство
2042,2026-06-12,ТН-26-0084,20,10,4767197.32,Материалы,Списание металлопроката в производство
2043,2026-06-09,ТН-26-0085,20,10,6780077.90,Материалы,Списание металлопроката в производство
2044,2026-06-30,ЗП-26-0021,20,70,14650360.87,ФОТ,Начисление зарплаты: производственный персонал
2045,2026-06-30,ЗП-26-0022,20,69,4395108.26,Страховые взносы,Страховые взносы: производственный персонал
2046,2026-06-05,ПУ-26-0086,20,60,1825566.07,Энергия,Электроэнергия и газ
2047,2026-06-28,ПУ-26-0087,20,60,1980755.49,Энергия,Электроэнергия и газ
2048,2026-06-17,ПУ-26-0088,20,60,645215.35,Ремонты,Ремонт станочного оборудования
2049,2026-06-29,ПУ-26-0089,20,60,510718.76,Ремонты,Ремонт станочного оборудования
2050,2026-06-09,ПУ-26-0090,20,60,630265.00,Ремонты,Ремонт станочного оборудования
2051,2026-06-21,ПУ-26-0091,20,60,891376.83,Ремонты,Ремонт станочного оборудования
2052,2026-06-06,ПУ-26-0092,20,60,512609.47,Ремонты,Ремонт станочного оборудования
2053,2026-06-03,ПУ-26-0093,20,60,703950.65,Ремонты,Ремонт станочного оборудования
2054,2026-06-29,ПУ-26-0094,20,60,1298365.20,Прочие производственные,"Инструмент, расходники, услуги"
2055,2026-06-30,АМ-26-0011,20,02,3604000.00,Амортизация,Амортизация производственного оборудования
2056,2026-06-30,ЗП-26-0023,26,70,5564000.00,ФОТ,Начисление зарплаты: АУП
2057,2026-06-30,ЗП-26-0024,26,69,1669200.00,Страховые взносы,Страховые взносы: АУП
2058,2026-06-29,ПУ-26-0095,26,60,909500.00,Аренда,Аренда офиса
2059,2026-06-04,ПУ-26-0096,26,60,589717.98,Прочие управленческие,"Связь, ПО, консультации"
2060,2026-06-30,АМ-26-0012,26,02,250000.00,Амортизация,Амортизация офисного имущества
2061,2026-06-23,ПУ-26-0097,44,60,742541.52,Доставка,Доставка продукции заказчикам
2062,2026-06-12,ПУ-26-0098,44,60,779181.74,Доставка,Доставка продукции заказчикам
2063,2026-06-15,ПУ-26-0099,44,60,1073121.63,Доставка,Доставка продукции заказчикам
2064,2026-06-10,ПУ-26-0100,44,60,999123.75,Доставка,Доставка продукции заказчикам
2065,2026-06-30,ПУ-26-0101,44,60,985444.74,Доставка,Доставка продукции заказчикам
2066,2026-06-18,ПУ-26-0102,44,60,332642.67,Маркетинг,Выставки и реклама
2067,2026-06-08,ВБ-26-0006,51,91.01,167188.91,Проценты к получению,Проценты на остаток по счёту
2068,2026-06-30,ОП-26-0013,91.02,66,2100000.00,Проценты к уплате,Проценты по кредитной линии
2069,2026-06-07,ОП-26-0014,91.02,76,288199.79,Прочие расходы,Банковские комиссии и прочее
2070,2026-06-30,ЗМ-26-0031,90.02,20,90391039.87,,Закрытие счёта 20
2071,2026-06-30,ЗМ-26-0032,90.08,26,8982417.98,,Закрытие счёта 26
2072,2026-06-30,ЗМ-26-0033,90.07,44,4912056.05,,Закрытие счёта 44
2073,2026-06-30,ЗМ-26-0034,90.09,99,12982529.78,,Финансовый результат от продаж
2074,2026-06-30,ЗМ-26-0035,99,91.09,2221010.88,,Сальдо прочих доходов и расходов
2075,2026-06-30,ЗМ-26-0036,99,68.04,2690379.72,Налог на прибыль,Налог на прибыль за месяц
2076,2026-07-08,РН-26-0385,62,90.01,4996402.59,,Реализация металлоконструкций
2077,2026-07-08,РН-26-0386,90.03,68.02,900990.63,,НДС с реализации
2078,2026-07-04,РН-26-0387,62,90.01,5295019.05,,Реализация металлоконструкций
2079,2026-07-04,РН-26-0388,90.03,68.02,954839.50,,НДС с реализации
2080,2026-07-09,РН-26-0389,62,90.01,5210116.60,,Реализация металлоконструкций
2081,2026-07-09,РН-26-0390,90.03,68.02,939529.22,,НДС с реализации
2082,2026-07-23,РН-26-0391,62,90.01,3492219.74,,Реализация металлоконструкций
2083,2026-07-23,РН-26-0392,90.03,68.02,629744.54,,НДС с реализации
2084,2026-07-01,РН-26-0393,62,90.01,6276741.71,,Реализация металлоконструкций
2085,2026-07-01,РН-26-0394,90.03,68.02,1131871.46,,НДС с реализации
2086,2026-07-14,РН-26-0395,62,90.01,5310045.02,,Реализация металлоконструкций
2087,2026-07-14,РН-26-0396,90.03,68.02,957549.10,,НДС с реализации
2088,2026-07-14,РН-26-0397,62,90.01,4070871.58,,Реализация металлоконструкций
2089,2026-07-14,РН-26-0398,90.03,68.02,734091.60,,НДС с реализации
2090,2026-07-09,РН-26-0399,62,90.01,4796071.27,,Реализация металлоконструкций
2091,2026-07-09,РН-26-0400,90.03,68.02,864865.31,,НДС с реализации
2092,2026-07-18,РН-26-0401,62,90.01,3651034.78,,Реализация металлоконструкций
2093,2026-07-18,РН-26-0402,90.03,68.02,658383.32,,НДС с реализации
2094,2026-07-05,РН-26-0403,62,90.01,3158071.33,,Реализация металлоконструкций
2095,2026-07-05,РН-26-0404,90.03,68.02,569488.27,,НДС с реализации
2096,2026-07-28,РН-26-0405,62,90.01,5905175.96,,Реализация металлоконструкций
2097,2026-07-28,РН-26-0406,90.03,68.02,1064867.80,,НДС с реализации
2098,2026-07-28,РН-26-0407,62,90.01,2317143.90,,Реализация металлоконструкций
2099,2026-07-28,РН-26-0408,90.03,68.02,417845.62,,НДС с реализации
2100,2026-07-06,РН-26-0409,62,90.01,3322653.48,,Реализация металлоконструкций
2101,2026-07-06,РН-26-0410,90.03,68.02,599167.02,,НДС с реализации
2102,2026-07-15,РН-26-0411,62,90.01,4634296.25,,Реализация металлоконструкций
2103,2026-07-15,РН-26-0412,90.03,68.02,835692.77,,НДС с реализации
2104,2026-07-07,РН-26-0413,62,90.01,3871762.54,,Реализация металлоконструкций
2105,2026-07-07,РН-26-0414,90.03,68.02,698186.69,,НДС с реализации
2106,2026-07-05,РН-26-0415,62,90.01,3000572.11,,Реализация металлоконструкций
2107,2026-07-05,РН-26-0416,90.03,68.02,541086.77,,НДС с реализации
2108,2026-07-30,РН-26-0417,62,90.01,6011079.25,,Реализация металлоконструкций
2109,2026-07-30,РН-26-0418,90.03,68.02,1083965.11,,НДС с реализации
2110,2026-07-24,РН-26-0419,62,90.01,2543929.77,,Реализация металлоконструкций
2111,2026-07-24,РН-26-0420,90.03,68.02,458741.43,,НДС с реализации
2112,2026-07-13,РН-26-0421,62,90.01,3652432.24,,Реализация металлоконструкций
2113,2026-07-13,РН-26-0422,90.03,68.02,658635.32,,НДС с реализации
2114,2026-07-25,РН-26-0423,62,90.01,5220796.33,,Реализация металлоконструкций
2115,2026-07-25,РН-26-0424,90.03,68.02,941455.08,,НДС с реализации
2116,2026-07-08,РН-26-0425,62,90.01,5819734.90,,Реализация металлоконструкций
2117,2026-07-08,РН-26-0426,90.03,68.02,1049460.39,,НДС с реализации
2118,2026-07-12,РН-26-0427,62,90.01,4907480.49,,Реализация металлоконструкций
2119,2026-07-12,РН-26-0428,90.03,68.02,884955.50,,НДС с реализации
2120,2026-07-02,РН-26-0429,62,90.01,4552309.15,,Реализация металлоконструкций
2121,2026-07-02,РН-26-0430,90.03,68.02,820908.21,,НДС с реализации
2122,2026-07-29,РН-26-0431,62,90.01,2471388.61,,Реализация металлоконструкций
2123,2026-07-29,РН-26-0432,90.03,68.02,445660.24,,НДС с реализации
2124,2026-07-12,РН-26-0433,62,90.01,2614886.12,,Реализация металлоконструкций
2125,2026-07-12,РН-26-0434,90.03,68.02,471536.84,,НДС с реализации
2126,2026-07-25,РН-26-0435,62,90.01,6311694.91,,Реализация металлоконструкций
2127,2026-07-25,РН-26-0436,90.03,68.02,1138174.49,,НДС с реализации
2128,2026-07-12,РН-26-0437,62,90.01,5440643.05,,Реализация металлоконструкций
2129,2026-07-12,РН-26-0438,90.03,68.02,981099.57,,НДС с реализации
2130,2026-07-09,РН-26-0439,62,90.01,4447659.77,,Реализация металлоконструкций
2131,2026-07-09,РН-26-0440,90.03,68.02,802037.01,,НДС с реализации
2132,2026-07-15,РН-26-0441,62,90.01,3319310.94,,Реализация металлоконструкций
2133,2026-07-15,РН-26-0442,90.03,68.02,598564.27,,НДС с реализации
2134,2026-07-08,РН-26-0443,62,90.01,3988600.50,,Реализация металлоконструкций
2135,2026-07-08,РН-26-0444,90.03,68.02,719255.83,,НДС с реализации
2136,2026-07-27,РН-26-0445,62,90.01,5716282.14,,Реализация металлоконструкций
2137,2026-07-27,РН-26-0446,90.03,68.02,1030804.98,,НДС с реализации
2138,2026-07-01,РН-26-0447,62,90.01,2664575.86,,Реализация металлоконструкций
2139,2026-07-01,РН-26-0448,90.03,68.02,480497.29,,НДС с реализации
2140,2026-07-01,РН-26-0449,62,90.01,3830083.96,,Реализация металлоконструкций
2141,2026-07-01,РН-26-0450,90.03,68.02,690670.88,,НДС с реализации
2142,2026-07-14,ТН-26-0086,20,10,2720924.66,Материалы,Списание металлопроката в производство
2143,2026-07-06,ТН-26-0087,20,10,4119259.15,Материалы,Списание металлопроката в производство
2144,2026-07-28,ТН-26-0088,20,10,6151136.19,Материалы,Списание металлопроката в производство
2145,2026-07-09,ТН-26-0089,20,10,6291347.94,Материалы,Списание металлопроката в производство
2146,2026-07-23,ТН-26-0090,20,10,2484423.08,Материалы,Списание металлопроката в производство
2147,2026-07-22,ТН-26-0091,20,10,5148412.85,Материалы,Списание металлопроката в производство
2148,2026-07-10,ТН-26-0092,20,10,2526870.08,Материалы,Списание металлопроката в производство
2149,2026-07-23,ТН-26-0093,20,10,2741890.17,Материалы,Списание металлопроката в производство
2150,2026-07-31,ТН-26-0094,20,10,2361746.61,Материалы,Списание металлопроката в производство
2151,2026-07-03,ТН-26-0095,20,10,4045162.19,Материалы,Списание металлопроката в производство
2152,2026-07-28,ТН-26-0096,20,10,6229822.62,Материалы,Списание металлопроката в производство
2153,2026-07-13,ТН-26-0097,20,10,2533037.10,Материалы,Списание металлопроката в производство
2154,2026-07-11,ТН-26-0098,20,10,4156254.06,Материалы,Списание металлопроката в производство
2155,2026-07-19,ТН-26-0099,20,10,2641607.45,Материалы,Списание металлопроката в производство
2156,2026-07-02,ТН-26-0100,20,10,6150713.18,Материалы,Списание металлопроката в производство
2157,2026-07-30,ТН-26-0101,20,10,2149481.13,Материалы,Списание металлопроката в производство
2158,2026-07-18,ТН-26-0102,20,10,5446460.56,Материалы,Списание металлопроката в производство
2159,2026-07-31,ЗП-26-0025,20,70,14646329.27,ФОТ,Начисление зарплаты: производственный персонал
2160,2026-07-31,ЗП-26-0026,20,69,4393898.78,Страховые взносы,Страховые взносы: производственный персонал
2161,2026-07-10,ПУ-26-0103,20,60,2048275.70,Энергия,Электроэнергия и газ
2162,2026-07-18,ПУ-26-0104,20,60,1558270.18,Энергия,Электроэнергия и газ
2163,2026-07-26,ПУ-26-0105,20,60,560989.34,Ремонты,Ремонт станочного оборудования
2164,2026-07-24,ПУ-26-0106,20,60,685572.39,Ремонты,Ремонт станочного оборудования
2165,2026-07-12,ПУ-26-0107,20,60,826312.43,Ремонты,Ремонт станочного оборудования
2166,2026-07-04,ПУ-26-0108,20,60,867684.97,Ремонты,Ремонт станочного оборудования
2167,2026-07-02,ПУ-26-0109,20,60,930787.53,Ремонты,Ремонт станочного оборудования
2168,2026-07-10,ПУ-26-0110,20,60,1514448.86,Прочие производственные,"Инструмент, расходники, услуги"
2169,2026-07-31,АМ-26-0013,20,02,3604000.00,Амортизация,Амортизация производственного оборудования
2170,2026-07-31,ЗП-26-0027,26,70,5564000.00,ФОТ,Начисление зарплаты: АУП
2171,2026-07-31,ЗП-26-0028,26,69,1669200.00,Страховые взносы,Страховые взносы: АУП
2172,2026-07-11,ПУ-26-0111,26,60,909500.00,Аренда,Аренда офиса
2173,2026-07-04,ПУ-26-0112,26,60,539280.37,Прочие управленческие,"Связь, ПО, консультации"
2174,2026-07-31,АМ-26-0014,26,02,250000.00,Амортизация,Амортизация офисного имущества
2175,2026-07-13,ПУ-26-0113,44,60,1064800.72,Доставка,Доставка продукции заказчикам
2176,2026-07-17,ПУ-26-0114,44,60,776027.94,Доставка,Доставка продукции заказчикам
2177,2026-07-19,ПУ-26-0115,44,60,497832.13,Доставка,Доставка продукции заказчикам
2178,2026-07-10,ПУ-26-0116,44,60,869337.68,Доставка,Доставка продукции заказчикам
2179,2026-07-19,ПУ-26-0117,44,60,642733.27,Доставка,Доставка продукции заказчикам
2180,2026-07-06,ПУ-26-0118,44,60,456257.81,Доставка,Доставка продукции заказчикам
2181,2026-07-12,ПУ-26-0119,44,60,293554.99,Маркетинг,Выставки и реклама
2182,2026-07-01,ВБ-26-0007,51,91.01,137915.11,Проценты к получению,Проценты на остаток по счёту
2183,2026-07-31,ОП-26-0015,91.02,66,2100000.00,Проценты к уплате,Проценты по кредитной линии
2184,2026-07-04,ОП-26-0016,91.02,76,177895.65,Прочие расходы,Банковские комиссии и прочее
2185,2026-07-31,ЗМ-26-0037,90.02,20,99535118.47,,Закрытие счёта 20
2186,2026-07-31,ЗМ-26-0038,90.08,26,8931980.37,,Закрытие счёта 26
2187,2026-07-31,ЗМ-26-0039,90.07,44,4600544.54,,Закрытие счёта 44
2188,2026-07-31,ЗМ-26-0040,90.09,99,3998820.46,,Финансовый результат от продаж
2189,2026-07-31,ЗМ-26-0041,99,91.09,2139980.54,,Сальдо прочих доходов и расходов
2190,2026-07-31,ЗМ-26-0042,99,68.04,464709.98,Налог на прибыль,Налог на прибыль за месяц
2191,2026-08-10,РН-26-0451,62,90.01,2801890.63,,Реализация металлоконструкций
2192,2026-08-10,РН-26-0452,90.03,68.02,505258.97,,НДС с реализации
2193,2026-08-03,РН-26-0453,62,90.01,4607522.16,,Реализация металлоконструкций
2194,2026-08-03,РН-26-0454,90.03,68.02,830864.65,,НДС с реализации
2195,2026-08-10,РН-26-0455,62,90.01,3811537.07,,Реализация металлоконструкций
2196,2026-08-10,РН-26-0456,90.03,68.02,687326.36,,НДС с реализации
2197,2026-08-03,РН-26-0457,62,90.01,2836296.67,,Реализация металлоконструкций
2198,2026-08-03,РН-26-0458,90.03,68.02,511463.33,,НДС с реализации
2199,2026-08-14,РН-26-0459,62,90.01,4688632.33,,Реализация металлоконструкций
2200,2026-08-14,РН-26-0460,90.03,68.02,845491.08,,НДС с реализации
2201,2026-08-16,РН-26-0461,62,90.01,4408233.73,,Реализация металлоконструкций
2202,2026-08-16,РН-26-0462,90.03,68.02,794927.39,,НДС с реализации
2203,2026-08-19,РН-26-0463,62,90.01,4585340.05,,Реализация металлоконструкций
2204,2026-08-19,РН-26-0464,90.03,68.02,826864.60,,НДС с реализации
2205,2026-08-27,РН-26-0465,62,90.01,5423143.74,,Реализация металлоконструкций
2206,2026-08-27,РН-26-0466,90.03,68.02,977943.95,,НДС с реализации
2207,2026-08-13,РН-26-0467,62,90.01,6415093.43,,Реализация металлоконструкций
2208,2026-08-13,РН-26-0468,90.03,68.02,1156820.13,,НДС с реализации
2209,2026-08-26,РН-26-0469,62,90.01,6642802.24,,Реализация металлоконструкций
2210,2026-08-26,РН-26-0470,90.03,68.02,1197882.37,,НДС с реализации
2211,2026-08-14,РН-26-0471,62,90.01,5351390.79,,Реализация металлоконструкций
2212,2026-08-14,РН-26-0472,90.03,68.02,965004.90,,НДС с реализации
2213,2026-08-03,РН-26-0473,62,90.01,3976017.21,,Реализация металлоконструкций
2214,2026-08-03,РН-26-0474,90.03,68.02,716986.71,,НДС с реализации
2215,2026-08-21,РН-26-0475,62,90.01,2974368.52,,Реализация металлоконструкций
2216,2026-08-21,РН-26-0476,90.03,68.02,536361.54,,НДС с реализации
2217,2026-08-02,РН-26-0477,62,90.01,3346278.00,,Реализация металлоконструкций
2218,2026-08-02,РН-26-0478,90.03,68.02,603427.18,,НДС с реализации
2219,2026-08-03,РН-26-0479,62,90.01,5992251.38,,Реализация металлоконструкций
2220,2026-08-03,РН-26-0480,90.03,68.02,1080569.92,,НДС с реализации
2221,2026-08-09,РН-26-0481,62,90.01,5420120.69,,Реализация металлоконструкций
2222,2026-08-09,РН-26-0482,90.03,68.02,977398.81,,НДС с реализации
2223,2026-08-09,РН-26-0483,62,90.01,3027127.28,,Реализация металлоконструкций
2224,2026-08-09,РН-26-0484,90.03,68.02,545875.41,,НДС с реализации
2225,2026-08-28,РН-26-0485,62,90.01,5851752.00,,Реализация металлоконструкций
2226,2026-08-28,РН-26-0486,90.03,68.02,1055233.97,,НДС с реализации
2227,2026-08-30,РН-26-0487,62,90.01,4032785.54,,Реализация металлоконструкций
2228,2026-08-30,РН-26-0488,90.03,68.02,727223.62,,НДС с реализации
2229,2026-08-15,РН-26-0489,62,90.01,2890521.04,,Реализация металлоконструкций
2230,2026-08-15,РН-26-0490,90.03,68.02,521241.50,,НДС с реализации
2231,2026-08-24,РН-26-0491,62,90.01,4192996.55,,Реализация металлоконструкций
2232,2026-08-24,РН-26-0492,90.03,68.02,756114.13,,НДС с реализации
2233,2026-08-03,РН-26-0493,62,90.01,6519282.18,,Реализация металлоконструкций
2234,2026-08-03,РН-26-0494,90.03,68.02,1175608.26,,НДС с реализации
2235,2026-08-05,РН-26-0495,62,90.01,4373168.89,,Реализация металлоконструкций
2236,2026-08-05,РН-26-0496,90.03,68.02,788604.23,,НДС с реализации
2237,2026-08-16,РН-26-0497,62,90.01,4779591.24,,Реализация металлоконструкций
2238,2026-08-16,РН-26-0498,90.03,68.02,861893.50,,НДС с реализации
2239,2026-08-10,РН-26-0499,62,90.01,4019027.57,,Реализация металлоконструкций
2240,2026-08-10,РН-26-0500,90.03,68.02,724742.68,,НДС с реализации
2241,2026-08-13,РН-26-0501,62,90.01,5274017.81,,Реализация металлоконструкций
2242,2026-08-13,РН-26-0502,90.03,68.02,951052.39,,НДС с реализации
2243,2026-08-11,РН-26-0503,62,90.01,3347437.77,,Реализация металлоконструкций
2244,2026-08-11,РН-26-0504,90.03,68.02,603636.32,,НДС с реализации
2245,2026-08-03,РН-26-0505,62,90.01,4223625.99,,Реализация металлоконструкций
2246,2026-08-03,РН-26-0506,90.03,68.02,761637.47,,НДС с реализации
2247,2026-08-12,РН-26-0507,62,90.01,4836180.69,,Реализация металлоконструкций
2248,2026-08-12,РН-26-0508,90.03,68.02,872098.16,,НДС с реализации
2249,2026-08-03,РН-26-0509,62,90.01,4252136.48,,Реализация металлоконструкций
2250,2026-08-03,РН-26-0510,90.03,68.02,766778.71,,НДС с реализации
2251,2026-08-02,РН-26-0511,62,90.01,4312131.08,,Реализация металлоконструкций
2252,2026-08-02,РН-26-0512,90.03,68.02,777597.41,,НДС с реализации
2253,2026-08-03,ТН-26-0103,20,10,3240043.41,Материалы,Списание металлопроката в производство
2254,2026-08-29,ТН-26-0104,20,10,4115696.39,Материалы,Списание металлопроката в производство
2255,2026-08-15,ТН-26-0105,20,10,5797587.32,Материалы,Списание металлопроката в производство
2256,2026-08-17,ТН-26-0106,20,10,6041131.21,Материалы,Списание металлопроката в производство
2257,2026-08-09,ТН-26-0107,20,10,6191883.15,Материалы,Списание металлопроката в производство
2258,2026-08-05,ТН-26-0108,20,10,4951769.87,Материалы,Списание металлопроката в производство
2259,2026-08-22,ТН-26-0109,20,10,2554037.02,Материалы,Списание металлопроката в производство
2260,2026-08-11,ТН-26-0110,20,10,3434155.08,Материалы,Списание металлопроката в производство
2261,2026-08-20,ТН-26-0111,20,10,2323821.79,Материалы,Списание металлопроката в производство
2262,2026-08-28,ТН-26-0112,20,10,4316203.33,Материалы,Списание металлопроката в производство
2263,2026-08-26,ТН-26-0113,20,10,5072582.98,Материалы,Списание металлопроката в производство
2264,2026-08-02,ТН-26-0114,20,10,4811227.56,Материалы,Списание металлопроката в производство
2265,2026-08-12,ТН-26-0115,20,10,3274884.48,Материалы,Списание металлопроката в производство
2266,2026-08-31,ЗП-26-0029,20,70,14587175.42,ФОТ,Начисление зарплаты: производственный персонал
2267,2026-08-31,ЗП-26-0030,20,69,4376152.63,Страховые взносы,Страховые взносы: производственный персонал
2268,2026-08-30,ПУ-26-0120,20,60,1109897.22,Энергия,Электроэнергия и газ
2269,2026-08-05,ПУ-26-0121,20,60,2593120.64,Энергия,Электроэнергия и газ
2270,2026-08-31,ПУ-26-0122,20,60,653907.12,Ремонты,Ремонт станочного оборудования
2271,2026-08-08,ПУ-26-0123,20,60,1151705.75,Ремонты,Ремонт станочного оборудования
2272,2026-08-23,ПУ-26-0124,20,60,899411.34,Ремонты,Ремонт станочного оборудования
2273,2026-08-02,ПУ-26-0125,20,60,539655.59,Ремонты,Ремонт станочного оборудования
2274,2026-08-14,ПУ-26-0126,20,60,492845.82,Ремонты,Ремонт станочного оборудования
2275,2026-08-26,ПУ-26-0127,20,60,517323.01,Ремонты,Ремонт станочного оборудования
2276,2026-08-03,ПУ-26-0128,20,60,1465375.40,Прочие производственные,"Инструмент, расходники, услуги"
2277,2026-08-31,АМ-26-0015,20,02,3604000.00,Амортизация,Амортизация производственного оборудования
2278,2026-08-31,ЗП-26-0031,26,70,5564000.00,ФОТ,Начисление зарплаты: АУП
2279,2026-08-31,ЗП-26-0032,26,69,1669200.00,Страховые взносы,Страховые взносы: АУП
2280,2026-08-31,ПУ-26-0129,26,60,909500.00,Аренда,Аренда офиса
2281,2026-08-04,ПУ-26-0130,26,60,642365.06,Прочие управленческие,"Связь, ПО, консультации"
2282,2026-08-31,АМ-26-0016,26,02,250000.00,Амортизация,Амортизация офисного имущества
2283,2026-08-22,ПУ-26-0131,44,60,676919.15,Доставка,Доставка продукции заказчикам
2284,2026-08-17,ПУ-26-0132,44,60,1126582.86,Доставка,Доставка продукции заказчикам
2285,2026-08-20,ПУ-26-0133,44,60,952843.85,Доставка,Доставка продукции заказчикам
2286,2026-08-23,ПУ-26-0134,44,60,513099.34,Доставка,Доставка продукции заказчикам
2287,2026-08-01,ПУ-26-0135,44,60,446736.74,Доставка,Доставка продукции заказчикам
2288,2026-08-30,ПУ-26-0136,44,60,472647.80,Доставка,Доставка продукции заказчикам
2289,2026-08-25,ПУ-26-0137,44,60,307391.16,Маркетинг,Выставки и реклама
2290,2026-08-29,ВБ-26-0008,51,91.01,172126.93,Проценты к получению,Проценты на остаток по счёту
2291,2026-08-31,ОП-26-0017,91.02,66,2100000.00,Проценты к уплате,Проценты по кредитной линии
2292,2026-08-03,ОП-26-0018,91.02,76,182290.47,Прочие расходы,Банковские комиссии и прочее
2293,2026-08-31,ЗМ-26-0043,90.02,20,88115593.53,,Закрытие счёта 20
2294,2026-08-31,ЗМ-26-0044,90.08,26,9035065.06,,Закрытие счёта 26
2295,2026-08-31,ЗМ-26-0045,90.07,44,4496220.90,,Закрытие счёта 44
2296,2026-08-31,ЗМ-26-0046,90.09,99,12461891.61,,Финансовый результат от продаж
2297,2026-08-31,ЗМ-26-0047,99,91.09,2110163.54,,Сальдо прочих доходов и расходов
2298,2026-08-31,ЗМ-26-0048,99,68.04,2587932.02,Налог на прибыль,Налог на прибыль за месяц
2299,2026-09-29,РН-26-0513,62,90.01,6241728.79,,Реализация металлоконструкций
2300,2026-09-29,РН-26-0514,90.03,68.02,1125557.65,,НДС с реализации
2301,2026-09-04,РН-26-0515,62,90.01,3827762.03,,Реализация металлоконструкций
2302,2026-09-04,РН-26-0516,90.03,68.02,690252.17,,НДС с реализации
2303,2026-09-23,РН-26-0517,62,90.01,2884763.76,,Реализация металлоконструкций
2304,2026-09-23,РН-26-0518,90.03,68.02,520203.30,,НДС с реализации
2305,2026-09-26,РН-26-0519,62,90.01,5689795.95,,Реализация металлоконструкций
2306,2026-09-26,РН-26-0520,90.03,68.02,1026028.78,,НДС с реализации
2307,2026-09-03,РН-26-0521,62,90.01,5363149.38,,Реализация металлоконструкций
2308,2026-09-03,РН-26-0522,90.03,68.02,967125.30,,НДС с реализации
2309,2026-09-23,РН-26-0523,62,90.01,2392284.97,,Реализация металлоконструкций
2310,2026-09-23,РН-26-0524,90.03,68.02,431395.65,,НДС с реализации
2311,2026-09-04,РН-26-0525,62,90.01,4290715.05,,Реализация металлоконструкций
2312,2026-09-04,РН-26-0526,90.03,68.02,773735.50,,НДС с реализации
2313,2026-09-01,РН-26-0527,62,90.01,3338330.37,,Реализация металлоконструкций
2314,2026-09-01,РН-26-0528,90.03,68.02,601994.00,,НДС с реализации
2315,2026-09-08,РН-26-0529,62,90.01,3927992.28,,Реализация металлоконструкций
2316,2026-09-08,РН-26-0530,90.03,68.02,708326.48,,НДС с реализации
2317,2026-09-11,РН-26-0531,62,90.01,4309793.41,,Реализация металлоконструкций
2318,2026-09-11,РН-26-0532,90.03,68.02,777175.86,,НДС с реализации
2319,2026-09-04,РН-26-0533,62,90.01,3812059.51,,Реализация металлоконструкций
2320,2026-09-04,РН-26-0534,90.03,68.02,687420.57,,НДС с реализации
2321,2026-09-28,РН-26-0535,62,90.01,4589356.90,,Реализация металлоконструкций
2322,2026-09-28,РН-26-0536,90.03,68.02,827588.95,,НДС с реализации
2323,2026-09-05,РН-26-0537,62,90.01,3161767.80,,Реализация металлоконструкций
2324,2026-09-05,РН-26-0538,90.03,68.02,570154.85,,НДС с реализации
2325,2026-09-04,РН-26-0539,62,90.01,5009746.54,,Реализация металлоконструкций
2326,2026-09-04,РН-26-0540,90.03,68.02,903396.92,,НДС с реализации
2327,2026-09-14,РН-26-0541,62,90.01,6619943.78,,Реализация металлоконструкций
2328,2026-09-14,РН-26-0542,90.03,68.02,1193760.35,,НДС с реализации
2329,2026-09-21,РН-26-0543,62,90.01,6179322.33,,Реализация металлоконструкций
2330,2026-09-21,РН-26-0544,90.03,68.02,1114304.03,,НДС с реализации
2331,2026-09-02,РН-26-0545,62,90.01,5829197.92,,Реализация металлоконструкций
2332,2026-09-02,РН-26-0546,90.03,68.02,1051166.84,,НДС с реализации
2333,2026-09-17,РН-26-0547,62,90.01,6952101.05,,Реализация металлоконструкций
2334,2026-09-17,РН-26-0548,90.03,68.02,1253657.57,,НДС с реализации
2335,2026-09-13,РН-26-0549,62,90.01,4340934.73,,Реализация металлоконструкций
2336,2026-09-13,РН-26-0550,90.03,68.02,782791.51,,НДС с реализации
2337,2026-09-21,РН-26-0551,62,90.01,2614062.48,,Реализация металлоконструкций
2338,2026-09-21,РН-26-0552,90.03,68.02,471388.32,,НДС с реализации
2339,2026-09-13,РН-26-0553,62,90.01,2913635.18,,Реализация металлоконструкций
2340,2026-09-13,РН-26-0554,90.03,68.02,525409.62,,НДС с реализации
2341,2026-09-01,РН-26-0555,62,90.01,5813885.04,,Реализация металлоконструкций
2342,2026-09-01,РН-26-0556,90.03,68.02,1048405.50,,НДС с реализации
2343,2026-09-25,РН-26-0557,62,90.01,3438934.90,,Реализация металлоконструкций
2344,2026-09-25,РН-26-0558,90.03,68.02,620135.80,,НДС с реализации
2345,2026-09-17,РН-26-0559,62,90.01,3289575.12,,Реализация металлоконструкций
2346,2026-09-17,РН-26-0560,90.03,68.02,593202.07,,НДС с реализации
2347,2026-09-30,РН-26-0561,62,90.01,2574741.81,,Реализация металлоконструкций
2348,2026-09-30,РН-26-0562,90.03,68.02,464297.70,,НДС с реализации
2349,2026-09-08,РН-26-0563,62,90.01,4653233.59,,Реализация металлоконструкций
2350,2026-09-08,РН-26-0564,90.03,68.02,839107.70,,НДС с реализации
2351,2026-09-27,РН-26-0565,62,90.01,6305034.09,,Реализация металлоконструкций
2352,2026-09-27,РН-26-0566,90.03,68.02,1136973.36,,НДС с реализации
2353,2026-09-22,РН-26-0567,62,90.01,3877517.25,,Реализация металлоконструкций
2354,2026-09-22,РН-26-0568,90.03,68.02,699224.42,,НДС с реализации
2355,2026-09-19,РН-26-0569,62,90.01,3448946.23,,Реализация металлоконструкций
2356,2026-09-19,РН-26-0570,90.03,68.02,621941.12,,НДС с реализации
2357,2026-09-14,РН-26-0571,62,90.01,5974908.04,,Реализация металлоконструкций
2358,2026-09-14,РН-26-0572,90.03,68.02,1077442.43,,НДС с реализации
2359,2026-09-23,РН-26-0573,62,90.01,4539976.76,,Реализация металлоконструкций
2360,2026-09-23,РН-26-0574,90.03,68.02,818684.33,,НДС с реализации
2361,2026-09-30,ТН-26-0116,20,10,4261772.11,Материалы,Списание металлопроката в производство
2362,2026-09-18,ТН-26-0117,20,10,5216676.38,Материалы,Списание металлопроката в производство
2363,2026-09-24,ТН-26-0118,20,10,2159816.87,Материалы,Списание металлопроката в производство
2364,2026-09-18,ТН-26-0119,20,10,5089755.03,Материалы,Списание металлопроката в производство
2365,2026-09-13,ТН-26-0120,20,10,3977028.49,Материалы,Списание металлопроката в производство
2366,2026-09-09,ТН-26-0121,20,10,2532259.68,Материалы,Списание металлопроката в производство
2367,2026-09-14,ТН-26-0122,20,10,3977673.96,Материалы,Списание металлопроката в производство
2368,2026-09-14,ТН-26-0123,20,10,4775738.87,Материалы,Списание металлопроката в производство
2369,2026-09-25,ТН-26-0124,20,10,2167459.79,Материалы,Списание металлопроката в производство
2370,2026-09-08,ТН-26-0125,20,10,5196750.04,Материалы,Списание металлопроката в производство
2371,2026-09-17,ТН-26-0126,20,10,2239856.62,Материалы,Списание металлопроката в производство
2372,2026-09-29,ТН-26-0127,20,10,4501308.72,Материалы,Списание металлопроката в производство
2373,2026-09-05,ТН-26-0128,20,10,2928190.74,Материалы,Списание металлопроката в производство
2374,2026-09-09,ТН-26-0129,20,10,2380135.43,Материалы,Списание металлопроката в производство
2375,2026-09-23,ТН-26-0130,20,10,4248633.69,Материалы,Списание металлопроката в производство
2376,2026-09-30,ЗП-26-0033,20,70,14570658.96,ФОТ,Начисление зарплаты: производственный персонал
2377,2026-09-30,ЗП-26-0034,20,69,4371197.69,Страховые взносы,Страховые взносы: производственный персонал
2378,2026-09-29,ПУ-26-0138,20,60,1492104.44,Энергия,Электроэнергия и газ
2379,2026-09-11,ПУ-26-0139,20,60,2059004.27,Энергия,Электроэнергия и газ
2380,2026-09-15,ПУ-26-0140,20,60,1631483.38,Ремонты,Ремонт станочного оборудования
2381,2026-09-21,ПУ-26-0141,20,60,1425221.49,Ремонты,Ремонт станочного оборудования
2382,2026-09-02,ПУ-26-0142,20,60,1150179.68,Ремонты,Ремонт станочного оборудования
2383,2026-09-12,ПУ-26-0143,20,60,1444815.59,Прочие производственные,"Инструмент, расходники, услуги"
2384,2026-09-30,АМ-26-0017,20,02,3604000.00,Амортизация,Амортизация производственного оборудования
2385,2026-09-30,ЗП-26-0035,26,70,5564000.00,ФОТ,Начисление зарплаты: АУП
2386,2026-09-30,ЗП-26-0036,26,69,1669200.00,Страховые взносы,Страховые взносы: АУП
2387,2026-09-24,ПУ-26-0144,26,60,909500.00,Аренда,Аренда офиса
2388,2026-09-02,ПУ-26-0145,26,60,610852.26,Прочие управленческие,"Связь, ПО, консультации"
2389,2026-09-30,АМ-26-0018,26,02,250000.00,Амортизация,Амортизация офисного имущества
2390,2026-09-03,ПУ-26-0146,44,60,473865.33,Доставка,Доставка продукции заказчикам
2391,2026-09-07,ПУ-26-0147,44,60,982670.49,Доставка,Доставка продукции заказчикам
2392,2026-09-03,ПУ-26-0148,44,60,481769.08,Доставка,Доставка продукции заказчикам
2393,2026-09-20,ПУ-26-0149,44,60,890714.38,Доставка,Доставка продукции заказчикам
2394,2026-09-23,ПУ-26-0150,44,60,1267595.80,Доставка,Доставка продукции заказчикам
2395,2026-09-01,ПУ-26-0151,44,60,391559.72,Маркетинг,Выставки и реклама
2396,2026-09-09,ВБ-26-0009,51,91.01,166145.28,Проценты к получению,Проценты на остаток по счёту
2397,2026-09-30,ОП-26-0019,91.02,66,2100000.00,Проценты к уплате,Проценты по кредитной линии
2398,2026-09-06,ОП-26-0020,91.02,76,228977.42,Прочие расходы,Банковские комиссии и прочее
2399,2026-09-20,ОП-26-0021,76,91.01,256626.57,Прочие доходы,"Продажа отходов, штрафы к получению"
2400,2026-09-30,ЗМ-26-0049,90.02,20,87401721.92,,Закрытие счёта 20
2401,2026-09-30,ЗМ-26-0050,90.08,26,9003552.26,,Закрытие счёта 26
2402,2026-09-30,ЗМ-26-0051,90.07,44,4488174.80,,Закрытие счёта 44
2403,2026-09-30,ЗМ-26-0052,90.09,99,12389499.41,,Финансовый результат от продаж
2404,2026-09-30,ЗМ-26-0053,99,91.09,1906205.57,,Сальдо прочих доходов и расходов
2405,2026-09-30,ЗМ-26-0054,99,68.04,2620823.46,Налог на прибыль,Налог на прибыль за месяц
